Pregnancies,Glucose,BloodPressure,SkinThickness,Insulin,BMI,DiabetesPedigreeFunction,Age,Outcome,Glucose_Risk,Glucose_High_Borderline,BMI_Obese,Age_Risk,Insulin_Glucose_Ratio,Glucose_BMI,Pedigree_Age,HOMA_IR
6,148.0,72.0,35.0,169.5,33.6,0.627,50,1,1,1,1,1,1.1452702702702702,49.728,31.35,61.94074074074074
1,85.0,66.0,29.0,102.5,26.6,0.351,31,0,0,0,0,0,1.2058823529411764,22.61,10.881,21.512345679012345
8,183.0,64.0,32.0,169.5,23.3,0.672,32,1,1,1,0,0,0.9262295081967213,42.639,21.504,76.58888888888889
1,89.0,66.0,23.0,94.0,28.1,0.167,21,0,0,0,0,0,1.0561797752808988,25.009,3.507,20.65679012345679
0,137.0,40.0,35.0,168.0,43.1,2.288,33,1,0,1,1,0,1.2262773722627738,59.047,75.50399999999999,56.82962962962963
5,116.0,74.0,27.0,102.5,25.6,0.201,30,0,0,0,0,0,0.8836206896551724,29.696000000000005,6.03,29.358024691358025
3,78.0,50.0,32.0,88.0,31.0,0.248,26,1,0,0,1,0,1.1282051282051282,24.18,6.448,16.94814814814815
10,115.0,70.0,27.0,102.5,35.3,0.134,29,0,0,0,1,0,0.8913043478260869,40.595,3.886,29.104938271604937
2,197.0,70.0,45.0,543.0,30.5,0.158,53,1,1,1,1,1,2.7563451776649748,60.085,8.374,264.1259259259259
8,125.0,96.0,32.0,169.5,34.3,0.232,54,1,0,1,1,1,1.356,42.875,12.528,52.31481481481482
4,110.0,92.0,27.0,102.5,37.6,0.191,30,0,0,0,1,0,0.9318181818181818,41.36,5.73,27.839506172839506
10,168.0,74.0,32.0,169.5,38.0,0.537,34,1,1,1,1,0,1.0089285714285714,63.84,18.258000000000003,70.31111111111112
10,139.0,80.0,27.0,102.5,27.1,1.441,57,0,0,1,0,1,0.737410071942446,37.669000000000004,82.137,35.17901234567901
1,189.0,60.0,23.0,846.0,30.1,0.398,59,1,1,1,1,1,4.476190476190476,56.889,23.482000000000003,394.8
5,166.0,72.0,19.0,175.0,25.8,0.587,51,1,1,1,0,1,1.0542168674698795,42.828,29.936999999999998,71.72839506172839
7,100.0,74.5,32.0,169.5,30.0,0.484,32,1,0,0,1,0,1.695,30.0,15.488,41.851851851851855
0,118.0,84.0,47.0,230.0,45.8,0.551,31,1,0,0,1,0,1.9491525423728813,54.044,17.081000000000003,67.01234567901234
7,107.0,74.0,32.0,169.5,29.6,0.254,31,1,0,0,0,0,1.5841121495327102,31.672000000000004,7.8740000000000006,44.78148148148148
1,103.0,30.0,38.0,83.0,43.3,0.183,33,0,0,0,1,0,0.8058252427184466,44.599,6.039,21.108641975308643
1,115.0,70.0,30.0,96.0,34.6,0.529,32,1,0,0,1,0,0.8347826086956521,39.79,16.928,27.25925925925926
3,126.0,88.0,41.0,235.0,39.3,0.704,27,0,0,1,1,0,1.8650793650793651,49.517999999999994,19.008,73.11111111111111
8,99.0,84.0,27.0,102.5,35.4,0.388,50,0,0,0,1,1,1.0353535353535352,35.046,19.400000000000002,25.055555555555557
7,196.0,90.0,32.0,169.5,39.8,0.451,41,1,1,1,1,1,0.8647959183673469,78.008,18.491,82.02962962962962
9,119.0,80.0,35.0,169.5,29.0,0.263,29,1,0,0,0,0,1.4243697478991597,34.51,7.627000000000001,49.803703703703704
11,143.0,94.0,33.0,146.0,36.6,0.254,51,1,1,1,1,1,1.020979020979021,52.338,12.954,51.550617283950615
10,125.0,70.0,26.0,115.0,31.1,0.205,41,1,0,1,1,1,0.92,38.875,8.405,35.49382716049383
7,147.0,76.0,32.0,169.5,39.4,0.257,43,1,1,1,1,1,1.153061224489796,57.918,11.051,61.522222222222226
1,97.0,66.0,15.0,140.0,23.2,0.487,22,0,0,0,0,0,1.443298969072165,22.504,10.714,33.53086419753087
13,145.0,82.0,19.0,110.0,22.2,0.245,57,0,1,1,0,1,0.7586206896551724,32.19,13.965,39.382716049382715
5,117.0,92.0,27.0,102.5,34.1,0.337,38,0,0,0,1,1,0.8760683760683761,39.897000000000006,12.806000000000001,29.61111111111111
5,109.0,75.0,26.0,102.5,36.0,0.546,60,0,0,0,1,1,0.9403669724770642,39.24,32.760000000000005,27.58641975308642
3,158.0,76.0,36.0,245.0,31.6,0.851,28,1,1,1,1,0,1.5506329113924051,49.928000000000004,23.828,95.58024691358025
3,88.0,58.0,11.0,54.0,24.8,0.267,22,0,0,0,0,0,0.6136363636363636,21.824,5.8740000000000006,11.733333333333333
6,92.0,92.0,27.0,102.5,19.9,0.188,28,0,0,0,0,0,1.1141304347826086,18.308,5.264,23.28395061728395
10,122.0,78.0,31.0,102.5,27.6,0.512,45,0,0,1,0,1,0.8401639344262295,33.672000000000004,23.04,30.876543209876544
4,103.0,60.0,33.0,192.0,24.0,0.966,33,0,0,0,0,0,1.8640776699029127,24.72,31.878,48.82962962962963
11,138.0,76.0,27.0,102.5,33.2,0.42,35,0,0,1,1,1,0.7427536231884058,45.816,14.7,34.925925925925924
9,102.0,76.0,37.0,169.5,32.9,0.665,46,1,0,0,1,1,1.661764705882353,33.558,30.590000000000003,42.68888888888889
2,90.0,68.0,42.0,169.5,38.2,0.503,27,1,0,0,1,0,1.8833333333333333,34.38,13.581,37.666666666666664
4,111.0,72.0,47.0,207.0,37.1,1.39,56,1,0,0,1,1,1.864864864864865,41.181000000000004,77.83999999999999,56.733333333333334
3,180.0,64.0,25.0,70.0,34.0,0.271,26,0,1,1,1,0,0.3888888888888889,61.2,7.046,31.11111111111111
7,133.0,84.0,27.0,102.5,40.2,0.696,37,0,0,1,1,1,0.7706766917293233,53.466,25.752,33.660493827160494
7,106.0,92.0,18.0,102.5,22.7,0.235,48,0,0,0,0,1,0.9669811320754716,24.061999999999998,11.28,26.82716049382716
9,171.0,110.0,24.0,240.0,45.4,0.721,54,1,1,1,1,1,1.4035087719298245,77.634,38.934,101.33333333333333
7,159.0,64.0,27.0,102.5,27.4,0.294,40,0,1,1,0,1,0.6446540880503144,43.565999999999995,11.76,40.24074074074074
0,180.0,66.0,39.0,169.5,42.0,1.893,25,1,1,1,1,0,0.9416666666666667,75.6,47.325,75.33333333333333
1,146.0,56.0,27.0,102.5,29.7,0.564,29,0,1,1,0,0,0.702054794520548,43.361999999999995,16.355999999999998,36.95061728395062
2,71.0,70.0,27.0,102.5,28.0,0.586,22,0,0,0,0,0,1.443661971830986,19.88,12.892,17.969135802469136
7,103.0,66.0,32.0,169.5,39.1,0.344,31,1,0,0,1,0,1.645631067961165,40.273,10.664,43.10740740740741
7,105.0,70.0,27.0,102.5,30.1,0.305,24,0,0,0,1,0,0.9761904761904762,31.605,7.32,26.574074074074073
1,103.0,80.0,11.0,82.0,19.4,0.491,22,0,0,0,0,0,0.7961165048543689,19.982,10.802,20.854320987654322
1,101.0,50.0,15.0,36.0,24.2,0.526,26,0,0,0,0,0,0.3564356435643564,24.441999999999997,13.676,8.977777777777778
5,88.0,66.0,21.0,23.0,24.4,0.342,30,0,0,0,0,0,0.26136363636363635,21.471999999999998,10.260000000000002,4.997530864197531
8,176.0,90.0,34.0,300.0,33.7,0.467,58,1,1,1,1,1,1.7045454545454546,59.312000000000005,27.086000000000002,130.37037037037038
7,150.0,66.0,42.0,342.0,34.7,0.718,42,0,1,1,1,1,2.28,52.05,30.156,126.66666666666667
1,73.0,50.0,10.0,102.5,23.0,0.248,21,0,0,0,0,0,1.404109589041096,16.79,5.208,18.47530864197531
7,187.0,68.0,39.0,304.0,37.7,0.254,41,1,1,1,1,1,1.625668449197861,70.49900000000001,10.414,140.36543209876544
0,100.0,88.0,60.0,110.0,46.8,0.962,31,0,0,0,1,0,1.1,46.8,29.822,27.160493827160494
0,146.0,82.0,27.0,102.5,40.5,1.781,44,0,1,1,1,1,0.702054794520548,59.13,78.36399999999999,36.95061728395062
0,105.0,64.0,41.0,142.0,41.5,0.173,22,0,0,0,1,0,1.3523809523809525,43.575,3.8059999999999996,36.81481481481482
2,84.0,70.0,27.0,102.5,30.1,0.304,21,0,0,0,1,0,1.2202380952380953,25.284000000000002,6.3839999999999995,21.25925925925926
8,133.0,72.0,32.0,169.5,32.9,0.27,39,1,0,1,1,1,1.2744360902255638,43.757,10.530000000000001,55.662962962962965
5,44.0,62.0,27.0,102.5,25.0,0.587,36,0,0,0,0,1,2.3295454545454546,11.0,21.131999999999998,11.135802469135802
2,141.0,58.0,34.0,128.0,25.4,0.699,24,0,1,1,0,0,0.9078014184397163,35.81399999999999,16.776,44.56296296296296
7,114.0,66.0,32.0,169.5,32.8,0.258,42,1,0,0,1,1,1.486842105263158,37.391999999999996,10.836,47.71111111111111
5,99.0,74.0,27.0,102.5,29.0,0.203,32,0,0,0,0,0,1.0353535353535352,28.71,6.496,25.055555555555557
0,109.0,88.0,30.0,169.5,32.5,0.855,38,1,0,0,1,1,1.555045871559633,35.425,32.49,45.61851851851852
2,109.0,92.0,27.0,102.5,42.7,0.845,54,0,0,0,1,1,0.9403669724770642,46.543,45.629999999999995,27.58641975308642
1,95.0,66.0,13.0,38.0,19.6,0.334,25,0,0,0,0,0,0.4,18.62,8.35,8.91358024691358
4,146.0,85.0,27.0,100.0,28.9,0.189,27,0,1,1,0,0,0.684931506849315,42.193999999999996,5.103,36.04938271604938
2,100.0,66.0,20.0,90.0,32.9,0.867,28,1,0,0,1,0,0.9,32.9,24.276,22.22222222222222
5,139.0,64.0,35.0,140.0,28.6,0.411,26,0,0,1,0,0,1.0071942446043165,39.754,10.686,48.04938271604938
13,126.0,90.0,32.0,169.5,43.4,0.583,42,1,0,1,1,1,1.3452380952380953,54.684,24.485999999999997,52.733333333333334
4,129.0,86.0,20.0,270.0,35.1,0.231,23,0,0,1,1,0,2.0930232558139537,45.279,5.313000000000001,86.0
1,79.0,75.0,30.0,102.5,32.0,0.396,22,0,0,0,1,0,1.2974683544303798,25.28,8.712,19.993827160493826
1,107.0,48.0,20.0,102.5,24.7,0.14,22,0,0,0,0,0,0.9579439252336449,26.429000000000002,3.08,27.080246913580247
7,62.0,78.0,27.0,102.5,32.6,0.391,41,0,0,0,1,1,1.653225806451613,20.212,16.031,15.691358024691358
5,95.0,72.0,33.0,102.5,37.7,0.37,27,0,0,0,1,0,1.0789473684210527,35.815000000000005,9.99,24.04320987654321
0,131.0,74.5,32.0,169.5,43.2,0.27,26,1,0,1,1,0,1.2938931297709924,56.592000000000006,7.0200000000000005,54.82592592592592
2,112.0,66.0,22.0,102.5,25.0,0.307,24,0,0,0,0,0,0.9151785714285714,28.0,7.368,28.34567901234568
3,113.0,44.0,13.0,102.5,22.4,0.14,22,0,0,0,0,0,0.9070796460176991,25.311999999999998,3.08,28.598765432098766
2,74.0,70.0,27.0,102.5,30.1,0.102,22,0,0,0,1,0,1.385135135135135,22.274,2.2439999999999998,18.728395061728396
7,83.0,78.0,26.0,71.0,29.3,0.767,36,0,0,0,0,1,0.8554216867469879,24.319000000000003,27.612000000000002,14.550617283950617
0,101.0,65.0,28.0,102.5,24.6,0.237,22,0,0,0,0,0,1.0148514851485149,24.846000000000004,5.2139999999999995,25.561728395061728
5,137.0,108.0,32.0,169.5,48.8,0.227,37,1,0,1,1,1,1.2372262773722629,66.856,8.399000000000001,57.337037037037035
2,110.0,74.0,29.0,125.0,32.4,0.698,27,0,0,0,1,0,1.1363636363636365,35.64,18.846,33.95061728395062
13,106.0,72.0,54.0,102.5,36.6,0.178,45,0,0,0,1,1,0.9669811320754716,38.79600000000001,8.01,26.82716049382716
2,100.0,68.0,25.0,71.0,38.5,0.324,26,0,0,0,1,0,0.71,38.5,8.424,17.530864197530864
15,136.0,70.0,32.0,110.0,37.1,0.153,43,1,0,1,1,1,0.8088235294117647,50.456,6.579,36.93827160493827
1,107.0,68.0,19.0,102.5,26.5,0.165,24,0,0,0,0,0,0.9579439252336449,28.355,3.96,27.080246913580247
1,80.0,55.0,27.0,102.5,19.1,0.258,21,0,0,0,0,0,1.28125,15.28,5.418,20.246913580246915
4,123.0,80.0,15.0,176.0,32.0,0.443,34,0,0,1,1,0,1.4308943089430894,39.36,15.062,53.45185185185185
7,81.0,78.0,40.0,48.0,46.7,0.261,42,0,0,0,1,1,0.5925925925925926,37.827000000000005,10.962,9.6
4,134.0,72.0,32.0,169.5,23.8,0.277,60,1,0,1,0,1,1.2649253731343284,31.892000000000003,16.62,56.08148148148148
2,142.0,82.0,18.0,64.0,24.7,0.761,21,0,1,1,0,0,0.4507042253521127,35.074,15.981,22.439506172839508
6,144.0,72.0,27.0,228.0,33.9,0.255,40,0,1,1,1,1,1.5833333333333333,48.815999999999995,10.2,81.06666666666666
2,92.0,62.0,28.0,102.5,31.6,0.13,24,0,0,0,1,0,1.1141304347826086,29.072000000000003,3.12,23.28395061728395
1,71.0,48.0,18.0,76.0,20.4,0.323,22,0,0,0,0,0,1.0704225352112675,14.483999999999998,7.106,13.323456790123457
6,93.0,50.0,30.0,64.0,28.7,0.356,23,0,0,0,0,0,0.6881720430107527,26.691,8.187999999999999,14.696296296296296
1,122.0,90.0,51.0,220.0,49.7,0.325,31,1,0,1,1,0,1.8032786885245902,60.63400000000001,10.075000000000001,66.27160493827161
1,163.0,72.0,32.0,169.5,39.0,1.222,33,1,1,1,1,0,1.039877300613497,63.57,40.326,68.21851851851852
1,151.0,60.0,27.0,102.5,26.1,0.179,22,0,1,1,0,0,0.6788079470198676,39.411,3.9379999999999997,38.21604938271605
0,125.0,96.0,27.0,102.5,22.5,0.262,21,0,0,1,0,0,0.82,28.125,5.502000000000001,31.635802469135804
1,81.0,72.0,18.0,40.0,26.6,0.283,24,0,0,0,0,0,0.49382716049382713,21.546,6.792,8.0
2,85.0,65.0,27.0,102.5,39.6,0.93,27,0,0,0,1,0,1.2058823529411764,33.66,25.110000000000003,21.512345679012345
1,126.0,56.0,29.0,152.0,28.7,0.801,21,0,0,1,0,0,1.2063492063492063,36.162,16.821,47.28888888888889
1,96.0,122.0,27.0,102.5,22.4,0.207,27,0,0,0,0,0,1.0677083333333333,21.503999999999998,5.5889999999999995,24.296296296296298
4,144.0,58.0,28.0,140.0,29.5,0.287,37,0,1,1,0,1,0.9722222222222222,42.48,10.619,49.77777777777778
3,83.0,58.0,31.0,18.0,34.3,0.336,25,0,0,0,1,0,0.21686746987951808,28.468999999999998,8.4,3.688888888888889
0,95.0,85.0,25.0,36.0,37.4,0.247,24,1,0,0,1,0,0.37894736842105264,35.53,5.928,8.444444444444445
3,171.0,72.0,33.0,135.0,33.3,0.199,24,1,1,1,1,0,0.7894736842105263,56.94299999999999,4.776,57.0
8,155.0,62.0,26.0,495.0,34.0,0.543,46,1,1,1,1,1,3.193548387096774,52.7,24.978,189.44444444444446
1,89.0,76.0,34.0,37.0,31.2,0.192,23,0,0,0,1,0,0.4157303370786517,27.767999999999997,4.416,8.130864197530864
4,76.0,62.0,27.0,102.5,34.0,0.391,25,0,0,0,1,0,1.3486842105263157,25.84,9.775,19.234567901234566
7,160.0,54.0,32.0,175.0,30.5,0.588,39,1,1,1,1,1,1.09375,48.8,22.932,69.1358024691358
4,146.0,92.0,32.0,169.5,31.2,0.539,61,1,1,1,1,1,1.1609589041095891,45.552,32.879000000000005,61.1037037037037
5,124.0,74.0,32.0,169.5,34.0,0.22,38,1,0,1,1,1,1.3669354838709677,42.16,8.36,51.8962962962963
5,78.0,48.0,27.0,102.5,33.7,0.654,25,0,0,0,1,0,1.314102564102564,26.286000000000005,16.35,19.74074074074074
4,97.0,60.0,23.0,102.5,28.2,0.443,22,0,0,0,0,0,1.056701030927835,27.354,9.746,24.549382716049383
4,99.0,76.0,15.0,51.0,23.2,0.223,21,0,0,0,0,0,0.5151515151515151,22.967999999999996,4.683,12.466666666666667
0,162.0,76.0,56.0,100.0,53.2,0.759,25,1,1,1,1,0,0.6172839506172839,86.184,18.975,40.0
6,111.0,64.0,39.0,102.5,34.2,0.26,24,0,0,0,1,0,0.9234234234234234,37.962,6.24,28.09259259259259
2,107.0,74.0,30.0,100.0,33.6,0.404,23,0,0,0,1,0,0.9345794392523364,35.952000000000005,9.292,26.419753086419753
5,132.0,80.0,27.0,102.5,26.8,0.186,69,0,0,1,0,1,0.7765151515151515,35.376,12.834,33.407407407407405
0,113.0,76.0,32.0,169.5,33.3,0.278,23,1,0,0,1,0,1.5,37.629,6.394,47.29259259259259
1,88.0,30.0,42.0,99.0,55.0,0.496,26,1,0,0,1,0,1.125,48.4,12.896,21.511111111111113
3,120.0,70.0,30.0,135.0,42.9,0.452,30,0,0,1,1,0,1.125,51.48,13.56,40.0
1,118.0,58.0,36.0,94.0,33.3,0.261,23,0,0,0,1,0,0.7966101694915254,39.294,6.003,27.387654320987654
1,117.0,88.0,24.0,145.0,34.5,0.403,40,1,0,0,1,1,1.2393162393162394,40.365,16.12,41.888888888888886
0,105.0,84.0,32.0,169.5,27.9,0.741,62,1,0,0,0,1,1.6142857142857143,29.295,45.942,43.94444444444444
4,173.0,70.0,14.0,168.0,29.7,0.361,33,1,1,1,0,0,0.9710982658959537,51.38099999999999,11.913,71.76296296296296
9,122.0,56.0,32.0,169.5,33.3,1.114,33,1,0,1,1,0,1.389344262295082,40.626,36.762,51.05925925925926
3,170.0,64.0,37.0,225.0,34.5,0.356,30,1,1,1,1,0,1.3235294117647058,58.65,10.68,94.44444444444444
8,84.0,74.0,31.0,102.5,38.3,0.457,39,0,0,0,1,1,1.2202380952380953,32.172,17.823,21.25925925925926
2,96.0,68.0,13.0,49.0,21.1,0.647,26,0,0,0,0,0,0.5104166666666666,20.256,16.822,11.614814814814816
2,125.0,60.0,20.0,140.0,33.8,0.088,31,0,0,1,1,0,1.12,42.25,2.7279999999999998,43.20987654320987
0,100.0,70.0,26.0,50.0,30.8,0.597,21,0,0,0,1,0,0.5,30.8,12.536999999999999,12.345679012345679
0,93.0,60.0,25.0,92.0,28.7,0.532,22,0,0,0,0,0,0.989247311827957,26.691,11.704,21.125925925925927
0,129.0,80.0,27.0,102.5,31.2,0.703,29,0,0,1,1,0,0.7945736434108527,40.248,20.387,32.648148148148145
5,105.0,72.0,29.0,325.0,36.9,0.159,28,0,0,0,1,0,3.0952380952380953,38.745,4.452,84.25925925925925
3,128.0,78.0,27.0,102.5,21.1,0.268,55,0,0,1,0,1,0.80078125,27.008000000000003,14.74,32.39506172839506
5,106.0,82.0,30.0,102.5,39.5,0.286,38,0,0,0,1,1,0.9669811320754716,41.87,10.867999999999999,26.82716049382716
2,108.0,52.0,26.0,63.0,32.5,0.318,22,0,0,0,1,0,0.5833333333333334,35.1,6.996,16.8
10,108.0,66.0,32.0,169.5,32.4,0.272,42,1,0,0,1,1,1.5694444444444444,34.992,11.424000000000001,45.2
4,154.0,62.0,31.0,284.0,32.8,0.237,23,0,1,1,1,0,1.844155844155844,50.512,5.451,107.99012345679013
0,102.0,75.0,23.0,102.5,30.1,0.572,21,0,0,0,1,0,1.0049019607843137,30.702,12.011999999999999,25.814814814814813
9,57.0,80.0,37.0,102.5,32.8,0.096,41,0,0,0,1,1,1.7982456140350878,18.695999999999998,3.936,14.425925925925926
2,106.0,64.0,35.0,119.0,30.5,1.4,34,0,0,0,1,0,1.1226415094339623,32.33,47.599999999999994,31.145679012345678
5,147.0,78.0,27.0,102.5,33.7,0.218,65,0,1,1,1,1,0.6972789115646258,49.53900000000001,14.17,37.2037037037037
2,90.0,70.0,17.0,102.5,27.3,0.085,22,0,0,0,0,0,1.1388888888888888,24.57,1.87,22.77777777777778
1,136.0,74.0,50.0,204.0,37.4,0.399,24,0,0,1,1,0,1.5,50.864,9.576,68.5037037037037
4,114.0,65.0,27.0,102.5,21.9,0.432,37,0,0,0,0,1,0.8991228070175439,24.965999999999998,15.984,28.85185185185185
9,156.0,86.0,28.0,155.0,34.3,1.189,42,1,1,1,1,1,0.9935897435897436,53.507999999999996,49.938,59.7037037037037
1,153.0,82.0,42.0,485.0,40.6,0.687,23,0,1,1,1,0,3.1699346405228757,62.118,15.801000000000002,183.22222222222223
8,188.0,78.0,32.0,169.5,47.9,0.137,43,1,1,1,1,1,0.901595744680851,90.05199999999999,5.891,78.68148148148148
7,152.0,88.0,44.0,169.5,50.0,0.337,36,1,1,1,1,1,1.1151315789473684,76.0,12.132000000000001,63.614814814814814
2,99.0,52.0,15.0,94.0,24.6,0.637,21,0,0,0,0,0,0.9494949494949495,24.354,13.377,22.977777777777778
1,109.0,56.0,21.0,135.0,25.2,0.833,23,0,0,0,0,0,1.238532110091743,27.467999999999996,19.159,36.333333333333336
2,88.0,74.0,19.0,53.0,29.0,0.229,22,0,0,0,0,0,0.6022727272727273,25.52,5.038,11.51604938271605
17,163.0,72.0,41.0,114.0,40.9,0.817,47,1,1,1,1,1,0.6993865030674846,66.667,38.399,45.88148148148148
4,151.0,90.0,38.0,102.5,29.7,0.294,36,0,1,1,0,1,0.6788079470198676,44.847,10.584,38.21604938271605
7,102.0,74.0,40.0,105.0,37.2,0.204,45,0,0,0,1,1,1.0294117647058822,37.944,9.18,26.444444444444443
0,114.0,80.0,34.0,285.0,44.2,0.167,27,0,0,0,1,0,2.5,50.388000000000005,4.509,80.22222222222223
2,100.0,64.0,23.0,102.5,29.7,0.368,21,0,0,0,0,0,1.025,29.7,7.728,25.308641975308642
0,131.0,88.0,32.0,169.5,31.6,0.743,32,1,0,1,1,0,1.2938931297709924,41.396,23.776,54.82592592592592
6,104.0,74.0,18.0,156.0,29.9,0.722,41,1,0,0,0,1,1.5,31.096,29.602,40.05925925925926
3,148.0,66.0,25.0,102.5,32.5,0.256,22,0,1,1,1,0,0.6925675675675675,48.1,5.632,37.45679012345679
4,120.0,68.0,27.0,102.5,29.6,0.709,34,0,0,1,0,0,0.8541666666666666,35.52,24.105999999999998,30.37037037037037
4,110.0,66.0,27.0,102.5,31.9,0.471,29,0,0,0,1,0,0.9318181818181818,35.09,13.658999999999999,27.839506172839506
3,111.0,90.0,12.0,78.0,28.4,0.495,29,0,0,0,0,0,0.7027027027027027,31.523999999999997,14.355,21.377777777777776
6,102.0,82.0,32.0,169.5,30.8,0.18,36,1,0,0,1,1,1.661764705882353,31.416,6.4799999999999995,42.68888888888889
6,134.0,70.0,23.0,130.0,35.4,0.542,29,1,0,1,1,0,0.9701492537313433,47.43599999999999,15.718000000000002,43.01234567901235
2,87.0,70.0,23.0,102.5,28.9,0.773,25,0,0,0,0,0,1.1781609195402298,25.142999999999997,19.325,22.01851851851852
1,79.0,60.0,42.0,48.0,43.5,0.678,23,0,0,0,1,0,0.6075949367088608,34.365,15.594000000000001,9.362962962962962
2,75.0,64.0,24.0,55.0,29.7,0.37,33,0,0,0,0,0,0.7333333333333333,22.275,12.209999999999999,10.185185185185185
8,179.0,72.0,42.0,130.0,32.7,0.719,36,1,1,1,1,1,0.7262569832402235,58.533,25.884,57.45679012345679
6,85.0,78.0,27.0,102.5,31.2,0.382,42,0,0,0,1,1,1.2058823529411764,26.52,16.044,21.512345679012345
0,129.0,110.0,46.0,130.0,67.1,0.319,26,1,0,1,1,0,1.0077519379844961,86.559,8.294,41.407407407407405
5,143.0,78.0,27.0,102.5,45.0,0.19,47,0,1,1,1,1,0.7167832167832168,64.35,8.93,36.19135802469136
5,130.0,82.0,32.0,169.5,39.1,0.956,37,1,0,1,1,1,1.3038461538461539,50.83,35.372,54.407407407407405
6,87.0,80.0,27.0,102.5,23.2,0.084,32,0,0,0,0,0,1.1781609195402298,20.183999999999997,2.688,22.01851851851852
0,119.0,64.0,18.0,92.0,34.9,0.725,23,0,0,0,1,0,0.773109243697479,41.53099999999999,16.675,27.0320987654321
1,107.0,74.0,20.0,23.0,27.7,0.299,21,0,0,0,0,0,0.21495327102803738,29.639,6.279,6.076543209876543
5,73.0,60.0,27.0,102.5,26.8,0.268,27,0,0,0,0,0,1.404109589041096,19.564,7.236000000000001,18.47530864197531
4,141.0,74.0,27.0,102.5,27.6,0.244,40,0,1,1,0,1,0.7269503546099291,38.916000000000004,9.76,35.68518518518518
7,194.0,68.0,28.0,169.5,35.9,0.745,41,1,1,1,1,1,0.8737113402061856,69.646,30.544999999999998,81.19259259259259
8,181.0,68.0,36.0,495.0,30.1,0.615,60,1,1,1,1,1,2.734806629834254,54.481,36.9,221.22222222222223
1,128.0,98.0,41.0,58.0,32.0,1.321,33,1,0,1,1,0,0.453125,40.96,43.592999999999996,18.330864197530865
8,109.0,76.0,39.0,114.0,27.9,0.64,31,1,0,0,0,0,1.0458715596330275,30.410999999999998,19.84,30.68148148148148
5,139.0,80.0,35.0,160.0,31.6,0.361,25,1,0,1,1,0,1.1510791366906474,43.92400000000001,9.025,54.91358024691358
3,111.0,62.0,27.0,102.5,22.6,0.142,21,0,0,0,0,0,0.9234234234234234,25.086000000000002,2.9819999999999998,28.09259259259259
9,123.0,70.0,44.0,94.0,33.1,0.374,40,0,0,1,1,1,0.7642276422764228,40.713,14.96,28.548148148148147
7,159.0,66.0,32.0,169.5,30.4,0.383,36,1,1,1,1,1,1.0660377358490567,48.33599999999999,13.788,66.54444444444445
11,135.0,74.5,32.0,169.5,52.3,0.578,40,1,0,1,1,1,1.2555555555555555,70.605,23.119999999999997,56.5
8,85.0,55.0,20.0,102.5,24.4,0.136,42,0,0,0,0,1,1.2058823529411764,20.74,5.712000000000001,21.512345679012345
5,158.0,84.0,41.0,210.0,39.4,0.395,29,1,1,1,1,0,1.3291139240506329,62.251999999999995,11.455,81.92592592592592
1,105.0,58.0,27.0,102.5,24.3,0.187,21,0,0,0,0,0,0.9761904761904762,25.515,3.927,26.574074074074073
3,107.0,62.0,13.0,48.0,22.9,0.678,23,1,0,0,0,0,0.4485981308411215,24.502999999999997,15.594000000000001,12.681481481481482
4,109.0,64.0,44.0,99.0,34.8,0.905,26,1,0,0,1,0,0.908256880733945,37.931999999999995,23.53,26.644444444444446
4,148.0,60.0,27.0,318.0,30.9,0.15,29,1,1,1,1,0,2.1486486486486487,45.732,4.35,116.2074074074074
0,113.0,80.0,16.0,102.5,31.0,0.874,21,0,0,0,1,0,0.9070796460176991,35.03,18.354,28.598765432098766
1,138.0,82.0,27.0,102.5,40.1,0.236,28,0,0,1,1,0,0.7427536231884058,55.338,6.608,34.925925925925924
0,108.0,68.0,20.0,102.5,27.3,0.787,32,0,0,0,0,0,0.9490740740740741,29.484,25.184,27.333333333333332
2,99.0,70.0,16.0,44.0,20.4,0.235,27,0,0,0,0,0,0.4444444444444444,20.195999999999998,6.345,10.755555555555556
6,103.0,72.0,32.0,190.0,37.7,0.324,55,0,0,0,1,1,1.8446601941747574,38.831,17.82,48.32098765432099
5,111.0,72.0,28.0,102.5,23.9,0.407,27,0,0,0,0,0,0.9234234234234234,26.528999999999996,10.988999999999999,28.09259259259259
8,196.0,76.0,29.0,280.0,37.5,0.605,57,1,1,1,1,1,1.4285714285714286,73.5,34.485,135.50617283950618
5,162.0,104.0,32.0,169.5,37.7,0.151,52,1,1,1,1,1,1.0462962962962963,61.074000000000005,7.851999999999999,67.8
1,96.0,64.0,27.0,87.0,33.2,0.289,21,0,0,0,1,0,0.90625,31.872000000000003,6.069,20.622222222222224
7,184.0,84.0,33.0,169.5,35.5,0.355,41,1,1,1,1,1,0.9211956521739131,65.32,14.555,77.00740740740741
2,81.0,60.0,22.0,102.5,27.7,0.29,25,0,0,0,0,0,1.2654320987654322,22.436999999999998,7.249999999999999,20.5
0,147.0,85.0,54.0,102.5,42.8,0.375,24,0,1,1,1,0,0.6972789115646258,62.916,9.0,37.2037037037037
7,179.0,95.0,31.0,102.5,34.2,0.164,60,0,1,1,1,1,0.5726256983240223,61.218,9.84,45.30246913580247
0,140.0,65.0,26.0,130.0,42.6,0.431,24,1,1,1,1,0,0.9285714285714286,59.64,10.344,44.93827160493827
9,112.0,82.0,32.0,175.0,34.2,0.26,36,1,0,0,1,1,1.5625,38.304,9.36,48.39506172839506
12,151.0,70.0,40.0,271.0,41.8,0.742,38,1,1,1,1,1,1.794701986754967,63.117999999999995,28.195999999999998,101.03950617283951
5,109.0,62.0,41.0,129.0,35.8,0.514,25,1,0,0,1,0,1.18348623853211,39.022,12.85,34.71851851851852
6,125.0,68.0,30.0,120.0,30.0,0.464,32,0,0,1,1,0,0.96,37.5,14.848,37.03703703703704
5,85.0,74.0,22.0,169.5,29.0,1.224,32,1,0,0,0,0,1.9941176470588236,24.65,39.168,35.574074074074076
5,112.0,66.0,32.0,169.5,37.8,0.261,41,1,0,0,1,1,1.5133928571428572,42.33599999999999,10.701,46.87407407407407
0,177.0,60.0,29.0,478.0,34.6,1.072,21,1,1,1,1,0,2.7005649717514126,61.242,22.512,208.9037037037037
2,158.0,90.0,32.0,169.5,31.6,0.805,66,1,1,1,1,1,1.0727848101265822,49.928000000000004,53.13,66.12592592592593
7,119.0,70.0,27.0,102.5,25.2,0.209,37,0,0,0,0,1,0.8613445378151261,29.987999999999996,7.733,30.117283950617285
7,142.0,60.0,33.0,190.0,28.8,0.687,61,0,1,1,0,1,1.3380281690140845,40.896,41.907000000000004,66.61728395061728
1,100.0,66.0,15.0,56.0,23.6,0.666,26,0,0,0,0,0,0.56,23.6,17.316000000000003,13.82716049382716
1,87.0,78.0,27.0,32.0,34.6,0.101,22,0,0,0,1,0,0.367816091954023,30.102000000000004,2.222,6.874074074074074
0,101.0,76.0,27.0,102.5,35.7,0.198,26,0,0,0,1,0,1.0148514851485149,36.057,5.148000000000001,25.561728395061728
3,162.0,52.0,38.0,169.5,37.2,0.652,24,1,1,1,1,0,1.0462962962962963,60.264,15.648,67.8
4,197.0,70.0,39.0,744.0,36.7,2.329,31,0,1,1,1,0,3.7766497461928936,72.299,72.19900000000001,361.89629629629627
0,117.0,80.0,31.0,53.0,45.2,0.089,24,0,0,0,1,0,0.452991452991453,52.88400000000001,2.136,15.311111111111112
4,142.0,86.0,32.0,169.5,44.0,0.645,22,1,1,1,1,0,1.193661971830986,62.48,14.190000000000001,59.42962962962963
6,134.0,80.0,37.0,370.0,46.2,0.238,46,1,0,1,1,1,2.7611940298507465,61.908,10.948,122.41975308641975
1,79.0,80.0,25.0,37.0,25.4,0.583,22,0,0,0,0,0,0.46835443037974683,20.066,12.825999999999999,7.217283950617284
4,122.0,68.0,27.0,102.5,35.0,0.394,29,0,0,1,1,0,0.8401639344262295,42.7,11.426,30.876543209876544
3,74.0,68.0,28.0,45.0,29.7,0.293,23,0,0,0,0,0,0.6081081081081081,21.977999999999998,6.739,8.222222222222221
4,171.0,72.0,32.0,169.5,43.6,0.479,26,1,1,1,1,0,0.9912280701754386,74.556,12.453999999999999,71.56666666666666
7,181.0,84.0,21.0,192.0,35.9,0.586,51,1,1,1,1,1,1.0607734806629834,64.979,29.886,85.80740740740741
0,179.0,90.0,27.0,169.5,44.1,0.686,23,1,1,1,1,0,0.946927374301676,78.93900000000001,15.778,74.91481481481482
9,164.0,84.0,21.0,169.5,30.8,0.831,32,1,1,1,1,0,1.0335365853658536,50.512,26.592,68.63703703703703
0,104.0,76.0,27.0,102.5,18.4,0.582,27,0,0,0,0,0,0.9855769230769231,19.136,15.713999999999999,26.320987654320987
1,91.0,64.0,24.0,102.5,29.2,0.192,21,0,0,0,0,0,1.1263736263736264,26.572,4.032,23.030864197530864
4,91.0,70.0,32.0,88.0,33.1,0.446,22,0,0,0,1,0,0.967032967032967,30.121,9.812,19.77283950617284
3,139.0,54.0,32.0,169.5,25.6,0.402,22,1,0,1,0,0,1.2194244604316546,35.584,8.844000000000001,58.17407407407408
6,119.0,50.0,22.0,176.0,27.1,1.318,33,1,0,0,0,0,1.4789915966386555,32.249,43.494,51.71358024691358
2,146.0,76.0,35.0,194.0,38.2,0.329,29,0,1,1,1,0,1.3287671232876712,55.772000000000006,9.541,69.93580246913581
9,184.0,85.0,15.0,169.5,30.0,1.213,49,1,1,1,1,1,0.9211956521739131,55.2,59.437000000000005,77.00740740740741
10,122.0,68.0,27.0,102.5,31.2,0.258,41,0,0,1,1,1,0.8401639344262295,38.064,10.578,30.876543209876544
0,165.0,90.0,33.0,680.0,52.3,0.427,23,0,1,1,1,0,4.121212121212121,86.295,9.821,277.037037037037
9,124.0,70.0,33.0,402.0,35.4,0.282,34,0,0,1,1,0,3.2419354838709675,43.895999999999994,9.588,123.08148148148148
1,111.0,86.0,19.0,102.5,30.1,0.143,23,0,0,0,1,0,0.9234234234234234,33.411,3.2889999999999997,28.09259259259259
9,106.0,52.0,27.0,102.5,31.2,0.38,42,0,0,0,1,1,0.9669811320754716,33.071999999999996,15.96,26.82716049382716
2,129.0,84.0,27.0,102.5,28.0,0.284,27,0,0,1,0,0,0.7945736434108527,36.12,7.667999999999999,32.648148148148145
2,90.0,80.0,14.0,55.0,24.4,0.249,24,0,0,0,0,0,0.6111111111111112,21.96,5.976,12.222222222222221
0,86.0,68.0,32.0,102.5,35.8,0.238,25,0,0,0,1,0,1.191860465116279,30.787999999999997,5.949999999999999,21.765432098765434
12,92.0,62.0,7.0,258.0,27.6,0.926,44,1,0,0,0,1,2.8043478260869565,25.392000000000003,40.744,58.60740740740741
1,113.0,64.0,35.0,169.5,33.6,0.543,21,1,0,0,1,0,1.5,37.968,11.403,47.29259259259259
3,111.0,56.0,39.0,102.5,30.1,0.557,30,0,0,0,1,0,0.9234234234234234,33.411,16.71,28.09259259259259
2,114.0,68.0,22.0,102.5,28.7,0.092,25,0,0,0,0,0,0.8991228070175439,32.717999999999996,2.3,28.85185185185185
1,193.0,50.0,16.0,375.0,25.9,0.655,24,0,1,1,0,0,1.9430051813471503,49.986999999999995,15.72,178.7037037037037
11,155.0,76.0,28.0,150.0,33.3,1.353,51,1,1,1,1,1,0.967741935483871,51.615,69.003,57.407407407407405
3,191.0,68.0,15.0,130.0,30.9,0.299,34,0,1,1,1,0,0.680628272251309,59.019,10.166,61.30864197530864
3,141.0,74.5,32.0,169.5,30.0,0.761,27,1,1,1,1,0,1.202127659574468,42.3,20.547,59.01111111111111
4,95.0,70.0,32.0,102.5,32.1,0.612,24,0,0,0,1,0,1.0789473684210527,30.495,14.687999999999999,24.04320987654321
3,142.0,80.0,15.0,102.5,32.4,0.2,63,0,1,1,1,1,0.721830985915493,46.008,12.600000000000001,35.93827160493827
4,123.0,62.0,32.0,169.5,32.0,0.226,35,1,0,1,1,1,1.3780487804878048,39.36,7.91,51.477777777777774
5,96.0,74.0,18.0,67.0,33.6,0.997,43,0,0,0,1,1,0.6979166666666666,32.256,42.871,15.881481481481481
0,138.0,74.5,32.0,169.5,36.3,0.933,25,1,0,1,1,0,1.2282608695652173,50.093999999999994,23.325000000000003,57.75555555555555
2,128.0,64.0,42.0,102.5,40.0,1.101,24,0,0,1,1,0,0.80078125,51.2,26.424,32.39506172839506
0,102.0,52.0,27.0,102.5,25.1,0.078,21,0,0,0,0,0,1.0049019607843137,25.602000000000004,1.638,25.814814814814813
2,146.0,74.5,32.0,169.5,27.5,0.24,28,1,1,1,0,0,1.1609589041095891,40.15,6.72,61.1037037037037
10,101.0,86.0,37.0,169.5,45.6,1.136,38,1,0,0,1,1,1.6782178217821782,46.056000000000004,43.168,42.27037037037037
2,108.0,62.0,32.0,56.0,25.2,0.128,21,0,0,0,0,0,0.5185185185185185,27.215999999999998,2.688,14.933333333333334
3,122.0,78.0,27.0,102.5,23.0,0.254,40,0,0,1,0,1,0.8401639344262295,28.06,10.16,30.876543209876544
1,71.0,78.0,50.0,45.0,33.2,0.422,21,0,0,0,1,0,0.6338028169014085,23.572000000000003,8.862,7.888888888888889
13,106.0,70.0,27.0,102.5,34.2,0.251,52,0,0,0,1,1,0.9669811320754716,36.252,13.052,26.82716049382716
2,100.0,70.0,52.0,57.0,40.5,0.677,25,0,0,0,1,0,0.57,40.5,16.925,14.074074074074074
7,106.0,60.0,24.0,169.5,26.5,0.296,29,1,0,0,0,0,1.599056603773585,28.09,8.584,44.36296296296296
0,104.0,64.0,23.0,116.0,27.8,0.454,23,0,0,0,0,0,1.1153846153846154,28.912000000000003,10.442,29.787654320987656
5,114.0,74.0,27.0,102.5,24.9,0.744,57,0,0,0,0,1,0.8991228070175439,28.386,42.408,28.85185185185185
2,108.0,62.0,10.0,278.0,25.3,0.881,22,0,0,0,0,0,2.574074074074074,27.324,19.382,74.13333333333334
0,146.0,70.0,32.0,169.5,37.9,0.334,28,1,1,1,1,0,1.1609589041095891,55.333999999999996,9.352,61.1037037037037
10,129.0,76.0,28.0,122.0,35.9,0.28,39,0,0,1,1,1,0.9457364341085271,46.31099999999999,10.920000000000002,38.85925925925926
7,133.0,88.0,15.0,155.0,32.4,0.262,37,0,0,1,1,1,1.1654135338345866,43.092,9.694,50.901234567901234
7,161.0,86.0,32.0,169.5,30.4,0.165,47,1,1,1,1,1,1.0527950310559007,48.943999999999996,7.755000000000001,67.38148148148149
2,108.0,80.0,32.0,169.5,27.0,0.259,52,1,0,0,0,1,1.5694444444444444,29.16,13.468,45.2
7,136.0,74.0,26.0,135.0,26.0,0.647,51,0,0,1,0,1,0.9926470588235294,35.36,32.997,45.333333333333336
5,155.0,84.0,44.0,545.0,38.7,0.619,34,0,1,1,1,0,3.5161290322580645,59.985,21.046,208.58024691358025
1,119.0,86.0,39.0,220.0,45.6,0.808,29,1,0,0,1,0,1.8487394957983194,54.264,23.432000000000002,64.64197530864197
4,96.0,56.0,17.0,49.0,20.8,0.34,26,0,0,0,0,0,0.5104166666666666,19.968000000000004,8.84,11.614814814814816
5,108.0,72.0,43.0,75.0,36.1,0.263,33,0,0,0,1,0,0.6944444444444444,38.988,8.679,20.0
0,78.0,88.0,29.0,40.0,36.9,0.434,21,0,0,0,1,0,0.5128205128205128,28.781999999999996,9.114,7.703703703703703
0,107.0,62.0,30.0,74.0,36.6,0.757,25,1,0,0,1,0,0.6915887850467289,39.162000000000006,18.925,19.55061728395062
2,128.0,78.0,37.0,182.0,43.3,1.224,31,1,0,1,1,0,1.421875,55.424,37.944,57.52098765432099
1,128.0,48.0,45.0,194.0,40.5,0.613,24,1,0,1,1,0,1.515625,51.84,14.712,61.31358024691358
0,161.0,50.0,27.0,102.5,21.9,0.254,65,0,1,1,0,1,0.6366459627329193,35.25899999999999,16.51,40.74691358024691
6,151.0,62.0,31.0,120.0,35.5,0.692,28,0,1,1,1,0,0.7947019867549668,53.605,19.375999999999998,44.74074074074074
2,146.0,70.0,38.0,360.0,28.0,0.337,29,1,1,1,0,0,2.4657534246575343,40.88,9.773000000000001,129.77777777777777
0,126.0,84.0,29.0,215.0,30.7,0.52,24,0,0,1,1,0,1.7063492063492063,38.681999999999995,12.48,66.88888888888889
14,100.0,78.0,25.0,184.0,36.6,0.412,46,1,0,0,1,1,1.84,36.6,18.951999999999998,45.4320987654321
8,112.0,72.0,27.0,102.5,23.6,0.84,58,0,0,0,0,1,0.9151785714285714,26.432000000000002,48.72,28.34567901234568
0,167.0,74.5,32.0,169.5,32.3,0.839,30,1,1,1,1,0,1.0149700598802396,53.940999999999995,25.169999999999998,69.89259259259259
2,144.0,58.0,33.0,135.0,31.6,0.422,25,1,1,1,1,0,0.9375,45.504000000000005,10.549999999999999,48.0
5,77.0,82.0,41.0,42.0,35.8,0.156,35,0,0,0,1,1,0.5454545454545454,27.566,5.46,7.985185185185185
5,115.0,98.0,32.0,169.5,52.9,0.209,28,1,0,0,1,0,1.4739130434782608,60.835,5.851999999999999,48.129629629629626
3,150.0,76.0,27.0,102.5,21.0,0.207,37,0,1,1,0,1,0.6833333333333333,31.5,7.659,37.96296296296296
2,120.0,76.0,37.0,105.0,39.7,0.215,29,0,0,1,1,0,0.875,47.64,6.235,31.11111111111111
10,161.0,68.0,23.0,132.0,25.5,0.326,47,1,1,1,0,1,0.8198757763975155,41.055,15.322000000000001,52.474074074074075
0,137.0,68.0,14.0,148.0,24.8,0.143,21,0,0,1,0,0,1.0802919708029197,33.976,3.0029999999999997,50.0641975308642
0,128.0,68.0,19.0,180.0,30.5,1.391,25,1,0,1,1,0,1.40625,39.04,34.775,56.888888888888886
2,124.0,68.0,28.0,205.0,32.9,0.875,30,1,0,1,1,0,1.653225806451613,40.796,26.25,62.76543209876543
6,80.0,66.0,30.0,102.5,26.2,0.313,41,0,0,0,0,1,1.28125,20.96,12.833,20.246913580246915
0,106.0,70.0,37.0,148.0,39.4,0.605,22,0,0,0,1,0,1.3962264150943395,41.763999999999996,13.309999999999999,38.735802469135805
2,155.0,74.0,17.0,96.0,26.6,0.433,27,1,1,1,0,0,0.6193548387096774,41.23,11.691,36.74074074074074
3,113.0,50.0,10.0,85.0,29.5,0.626,25,0,0,0,0,0,0.7522123893805309,33.335,15.65,23.71604938271605
7,109.0,80.0,31.0,169.5,35.9,1.127,43,1,0,0,1,1,1.555045871559633,39.131,48.461,45.61851851851852
2,112.0,68.0,22.0,94.0,34.1,0.315,26,0,0,0,1,0,0.8392857142857143,38.192,8.19,25.99506172839506
3,99.0,80.0,11.0,64.0,19.3,0.284,30,0,0,0,0,0,0.6464646464646465,19.107,8.52,15.644444444444444
3,182.0,74.0,32.0,169.5,30.5,0.345,29,1,1,1,1,0,0.9313186813186813,55.51,10.004999999999999,76.17037037037036
3,115.0,66.0,39.0,140.0,38.1,0.15,28,0,0,0,1,0,1.2173913043478262,43.815,4.2,39.75308641975309
6,194.0,78.0,32.0,169.5,23.5,0.129,59,1,1,1,0,1,0.8737113402061856,45.59,7.611000000000001,81.19259259259259
4,129.0,60.0,12.0,231.0,27.5,0.527,31,0,0,1,0,0,1.7906976744186047,35.475,16.337,73.57777777777778
3,112.0,74.0,30.0,169.5,31.6,0.197,25,1,0,0,1,0,1.5133928571428572,35.392,4.925,46.87407407407407
0,124.0,70.0,20.0,169.5,27.4,0.254,36,1,0,1,0,1,1.3669354838709677,33.976,9.144,51.8962962962963
13,152.0,90.0,33.0,29.0,26.8,0.731,43,1,1,1,0,1,0.19078947368421054,40.736,31.433,10.88395061728395
2,112.0,75.0,32.0,102.5,35.7,0.148,21,0,0,0,1,0,0.9151785714285714,39.98400000000001,3.1079999999999997,28.34567901234568
1,157.0,72.0,21.0,168.0,25.6,0.123,24,0,1,1,0,0,1.070063694267516,40.192,2.952,65.12592592592593
1,122.0,64.0,32.0,156.0,35.1,0.692,30,1,0,1,1,0,1.278688524590164,42.821999999999996,20.759999999999998,46.992592592592594
10,179.0,70.0,27.0,102.5,35.1,0.2,37,0,1,1,1,1,0.5726256983240223,62.82900000000001,7.4,45.30246913580247
2,102.0,86.0,36.0,120.0,45.5,0.127,23,1,0,0,1,0,1.1764705882352942,46.41,2.9210000000000003,30.22222222222222
6,105.0,70.0,32.0,68.0,30.8,0.122,37,0,0,0,1,1,0.6476190476190476,32.34,4.514,17.62962962962963
8,118.0,72.0,19.0,102.5,23.1,1.476,46,0,0,0,0,1,0.8686440677966102,27.258000000000003,67.896,29.864197530864196
2,87.0,58.0,16.0,52.0,32.7,0.166,25,0,0,0,1,0,0.5977011494252874,28.449,4.15,11.170370370370371
1,180.0,74.5,32.0,169.5,43.3,0.282,41,1,1,1,1,1,0.9416666666666667,77.94,11.562,75.33333333333333
12,106.0,80.0,27.0,102.5,23.6,0.137,44,0,0,0,0,1,0.9669811320754716,25.016000000000005,6.0280000000000005,26.82716049382716
1,95.0,60.0,18.0,58.0,23.9,0.26,22,0,0,0,0,0,0.6105263157894737,22.705,5.720000000000001,13.604938271604938
0,165.0,76.0,43.0,255.0,47.9,0.259,26,0,1,1,1,0,1.5454545454545454,79.035,6.734,103.88888888888889
0,117.0,70.0,27.0,102.5,33.8,0.932,44,0,0,0,1,1,0.8760683760683761,39.54599999999999,41.008,29.61111111111111
5,115.0,76.0,32.0,169.5,31.2,0.343,44,1,0,0,1,1,1.4739130434782608,35.88,15.092,48.129629629629626
9,152.0,78.0,34.0,171.0,34.2,0.893,33,1,1,1,1,0,1.125,51.98400000000001,29.469,64.17777777777778
7,178.0,84.0,32.0,169.5,39.9,0.331,41,1,1,1,1,1,0.952247191011236,71.02199999999999,13.571000000000002,74.4962962962963
1,130.0,70.0,13.0,105.0,25.9,0.472,22,0,0,1,0,0,0.8076923076923077,33.67,10.384,33.7037037037037
1,95.0,74.0,21.0,73.0,25.9,0.673,36,0,0,0,0,1,0.7684210526315789,24.605,24.228,17.123456790123456
1,107.0,68.0,35.0,102.5,32.0,0.389,22,0,0,0,1,0,0.9579439252336449,34.24,8.558,27.080246913580247
5,122.0,86.0,27.0,102.5,34.7,0.29,33,0,0,1,1,0,0.8401639344262295,42.334,9.569999999999999,30.876543209876544
8,95.0,72.0,27.0,102.5,36.8,0.485,57,0,0,0,1,1,1.0789473684210527,34.959999999999994,27.645,24.04320987654321
8,126.0,88.0,36.0,108.0,38.5,0.349,49,0,0,1,1,1,0.8571428571428571,48.51,17.101,33.6
1,139.0,46.0,19.0,83.0,28.7,0.654,22,0,0,1,0,0,0.5971223021582733,39.893,14.388,28.48641975308642
3,116.0,70.0,27.0,102.5,23.5,0.187,23,0,0,0,0,0,0.8836206896551724,27.26,4.301,29.358024691358025
3,99.0,62.0,19.0,74.0,21.8,0.279,26,0,0,0,0,0,0.7474747474747475,21.582000000000004,7.2540000000000004,18.08888888888889
5,140.0,80.0,32.0,169.5,41.0,0.346,37,1,1,1,1,1,1.2107142857142856,57.4,12.802,58.592592592592595
4,92.0,80.0,27.0,102.5,42.2,0.237,29,0,0,0,1,0,1.1141304347826086,38.824,6.872999999999999,23.28395061728395
4,137.0,84.0,27.0,102.5,31.2,0.252,30,0,0,1,1,0,0.7481751824817519,42.744,7.5600000000000005,34.67283950617284
3,61.0,82.0,28.0,102.5,34.4,0.243,46,0,0,0,1,1,1.680327868852459,20.984,11.177999999999999,15.438271604938272
1,90.0,62.0,12.0,43.0,27.2,0.58,24,0,0,0,0,0,0.4777777777777778,24.48,13.919999999999998,9.555555555555555
3,90.0,78.0,27.0,102.5,42.7,0.559,21,0,0,0,1,0,1.1388888888888888,38.43000000000001,11.739,22.77777777777778
9,165.0,88.0,32.0,169.5,30.4,0.302,49,1,1,1,1,1,1.0272727272727273,50.16,14.798,69.05555555555556
1,125.0,50.0,40.0,167.0,33.3,0.962,28,1,0,1,1,0,1.336,41.625,26.936,51.54320987654321
13,129.0,74.5,30.0,169.5,39.9,0.569,44,1,0,1,1,1,1.313953488372093,51.471,25.035999999999998,53.98888888888889
12,88.0,74.0,40.0,54.0,35.3,0.378,48,0,0,0,1,1,0.6136363636363636,31.063999999999997,18.144,11.733333333333333
1,196.0,76.0,36.0,249.0,36.5,0.875,29,1,1,1,1,0,1.2704081632653061,71.54,25.375,120.5037037037037
5,189.0,64.0,33.0,325.0,31.2,0.583,29,1,1,1,1,0,1.7195767195767195,58.968,16.907,151.66666666666666
5,158.0,70.0,27.0,102.5,29.8,0.207,63,0,1,1,0,1,0.6487341772151899,47.084,13.040999999999999,39.98765432098765
5,103.0,108.0,37.0,102.5,39.2,0.305,65,0,0,0,1,1,0.9951456310679612,40.376000000000005,19.825,26.067901234567902
4,146.0,78.0,32.0,169.5,38.5,0.52,67,1,1,1,1,1,1.1609589041095891,56.21,34.84,61.1037037037037
4,147.0,74.0,25.0,293.0,34.9,0.385,30,0,1,1,1,0,1.9931972789115646,51.303000000000004,11.55,106.34814814814816
5,99.0,54.0,28.0,83.0,34.0,0.499,30,0,0,0,1,0,0.8383838383838383,33.66,14.97,20.288888888888888
6,124.0,72.0,32.0,169.5,27.6,0.368,29,1,0,1,0,0,1.3669354838709677,34.224000000000004,10.672,51.8962962962963
0,101.0,64.0,17.0,102.5,21.0,0.252,21,0,0,0,0,0,1.0148514851485149,21.21,5.292,25.561728395061728
3,81.0,86.0,16.0,66.0,27.5,0.306,22,0,0,0,0,0,0.8148148148148148,22.275,6.732,13.2
1,133.0,102.0,28.0,140.0,32.8,0.234,45,1,0,1,1,1,1.0526315789473684,43.623999999999995,10.530000000000001,45.97530864197531
3,173.0,82.0,48.0,465.0,38.4,2.137,25,1,1,1,1,0,2.6878612716763004,66.432,53.425,198.62962962962962
0,118.0,64.0,23.0,89.0,30.1,1.731,21,0,0,0,1,0,0.7542372881355932,35.518,36.351,25.930864197530862
0,84.0,64.0,22.0,66.0,35.8,0.545,21,0,0,0,1,0,0.7857142857142857,30.072,11.445,13.688888888888888
2,105.0,58.0,40.0,94.0,34.9,0.225,25,0,0,0,1,0,0.8952380952380953,36.645,5.625,24.37037037037037
2,122.0,52.0,43.0,158.0,36.2,0.816,28,0,0,1,1,0,1.2950819672131149,44.16400000000001,22.848,47.59506172839506
12,140.0,82.0,43.0,325.0,39.2,0.528,58,1,1,1,1,1,2.3214285714285716,54.88,30.624000000000002,112.34567901234568
0,98.0,82.0,15.0,84.0,25.2,0.299,22,0,0,0,0,0,0.8571428571428571,24.695999999999998,6.577999999999999,20.325925925925926
1,87.0,60.0,37.0,75.0,37.2,0.509,22,0,0,0,1,0,0.8620689655172413,32.364000000000004,11.198,16.11111111111111
4,156.0,75.0,32.0,169.5,48.3,0.238,32,1,1,1,1,0,1.0865384615384615,75.348,7.616,65.28888888888889
0,93.0,100.0,39.0,72.0,43.4,1.021,35,0,0,0,1,1,0.7741935483870968,40.361999999999995,35.735,16.533333333333335
1,107.0,72.0,30.0,82.0,30.8,0.821,24,0,0,0,1,0,0.7663551401869159,32.955999999999996,19.704,21.664197530864197
0,105.0,68.0,22.0,102.5,20.0,0.236,22,0,0,0,0,0,0.9761904761904762,21.0,5.192,26.574074074074073
1,109.0,60.0,8.0,182.0,25.4,0.947,21,0,0,0,0,0,1.6697247706422018,27.686,19.887,48.98271604938272
1,90.0,62.0,18.0,59.0,25.1,1.268,25,0,0,0,0,0,0.6555555555555556,22.59,31.7,13.11111111111111
1,125.0,70.0,24.0,110.0,24.3,0.221,25,0,0,1,0,0,0.88,30.375,5.525,33.95061728395062
1,119.0,54.0,13.0,50.0,22.3,0.205,24,0,0,0,0,0,0.42016806722689076,26.537000000000003,4.92,14.691358024691358
5,116.0,74.0,29.0,169.5,32.3,0.66,35,1,0,0,1,1,1.4612068965517242,37.467999999999996,23.1,48.54814814814815
8,105.0,100.0,36.0,169.5,43.3,0.239,45,1,0,0,1,1,1.6142857142857143,45.465,10.754999999999999,43.94444444444444
5,144.0,82.0,26.0,285.0,32.0,0.452,58,1,1,1,1,1,1.9791666666666667,46.08,26.216,101.33333333333333
3,100.0,68.0,23.0,81.0,31.6,0.949,28,0,0,0,1,0,0.81,31.6,26.572,20.0
1,100.0,66.0,29.0,196.0,32.0,0.444,42,0,0,0,1,1,1.96,32.0,18.648,48.39506172839506
5,166.0,76.0,32.0,169.5,45.7,0.34,27,1,1,1,1,0,1.0210843373493976,75.86200000000001,9.180000000000001,69.47407407407407
1,131.0,64.0,14.0,415.0,23.7,0.389,21,0,0,1,0,0,3.16793893129771,31.046999999999997,8.169,134.23456790123456
4,116.0,72.0,12.0,87.0,22.1,0.463,37,0,0,0,0,1,0.75,25.636000000000003,17.131,24.918518518518518
4,158.0,78.0,32.0,169.5,32.9,0.803,31,1,1,1,1,0,1.0727848101265822,51.982,24.893,66.12592592592593
2,127.0,58.0,24.0,275.0,27.7,1.6,25,0,0,1,0,0,2.1653543307086616,35.179,40.0,86.23456790123457
3,96.0,56.0,34.0,115.0,24.7,0.944,39,0,0,0,0,1,1.1979166666666667,23.712,36.815999999999995,27.25925925925926
0,131.0,66.0,40.0,169.5,34.3,0.196,22,1,0,1,1,0,1.2938931297709924,44.93299999999999,4.312,54.82592592592592
3,82.0,70.0,27.0,102.5,21.1,0.389,25,0,0,0,0,0,1.25,17.302,9.725,20.753086419753085
3,193.0,70.0,31.0,169.5,34.9,0.241,25,1,1,1,1,0,0.8782383419689119,67.357,6.0249999999999995,80.77407407407408
4,95.0,64.0,32.0,169.5,32.0,0.161,31,1,0,0,1,0,1.7842105263157895,30.4,4.9910000000000005,39.75925925925926
6,137.0,61.0,27.0,102.5,24.2,0.151,55,0,0,1,0,1,0.7481751824817519,33.154,8.305,34.67283950617284
5,136.0,84.0,41.0,88.0,35.0,0.286,35,1,0,1,1,1,0.6470588235294118,47.6,10.01,29.55061728395062
9,72.0,78.0,25.0,102.5,31.6,0.28,38,0,0,0,1,1,1.4236111111111112,22.752000000000002,10.64,18.22222222222222
5,168.0,64.0,32.0,169.5,32.9,0.135,41,1,1,1,1,1,1.0089285714285714,55.272,5.535,70.31111111111112
2,123.0,48.0,32.0,165.0,42.1,0.52,26,0,0,1,1,0,1.3414634146341464,51.783,13.52,50.111111111111114
4,115.0,72.0,32.0,169.5,28.9,0.376,46,1,0,0,0,1,1.4739130434782608,33.235,17.296,48.129629629629626
0,101.0,62.0,27.0,102.5,21.9,0.336,25,0,0,0,0,0,1.0148514851485149,22.118999999999996,8.4,25.561728395061728
8,197.0,74.0,32.0,169.5,25.9,1.191,39,1,1,1,0,1,0.8604060913705583,51.022999999999996,46.449000000000005,82.44814814814815
1,172.0,68.0,49.0,579.0,42.4,0.702,28,1,1,1,1,0,3.366279069767442,72.928,19.656,245.8962962962963
6,102.0,90.0,39.0,102.5,35.7,0.674,28,0,0,0,1,0,1.0049019607843137,36.414,18.872,25.814814814814813
1,112.0,72.0,30.0,176.0,34.4,0.528,25,0,0,0,1,0,1.5714285714285714,38.528,13.200000000000001,48.67160493827161
1,143.0,84.0,23.0,310.0,42.4,1.076,22,0,1,1,1,0,2.167832167832168,60.632,23.672,109.45679012345678
1,143.0,74.0,22.0,61.0,26.2,0.256,21,0,1,1,0,0,0.42657342657342656,37.466,5.376,21.53827160493827
0,138.0,60.0,35.0,167.0,34.6,0.534,21,1,0,1,1,0,1.210144927536232,47.748000000000005,11.214,56.903703703703705
3,173.0,84.0,33.0,474.0,35.7,0.258,22,1,1,1,1,0,2.739884393063584,61.761,5.676,202.47407407407408
1,97.0,68.0,21.0,102.5,27.2,1.095,22,0,0,0,0,0,1.056701030927835,26.384,24.09,24.549382716049383
4,144.0,82.0,32.0,169.5,38.5,0.554,37,1,1,1,1,1,1.1770833333333333,55.44,20.498,60.266666666666666
1,83.0,68.0,27.0,102.5,18.2,0.624,27,0,0,0,0,0,1.2349397590361446,15.106,16.848,21.006172839506174
3,129.0,64.0,29.0,115.0,26.4,0.219,28,1,0,1,0,0,0.8914728682170543,34.056,6.132,36.629629629629626
1,119.0,88.0,41.0,170.0,45.3,0.507,26,0,0,0,1,0,1.4285714285714286,53.907,13.182,49.95061728395062
2,94.0,68.0,18.0,76.0,26.0,0.561,21,0,0,0,0,0,0.8085106382978723,24.44,11.781,17.639506172839507
0,102.0,64.0,46.0,78.0,40.6,0.496,21,0,0,0,1,0,0.7647058823529411,41.412,10.416,19.644444444444446
2,115.0,64.0,22.0,102.5,30.8,0.421,21,0,0,0,1,0,0.8913043478260869,35.42,8.841,29.104938271604937
8,151.0,78.0,32.0,210.0,42.9,0.516,36,1,1,1,1,1,1.390728476821192,64.779,18.576,78.29629629629629
4,184.0,78.0,39.0,277.0,37.0,0.264,31,1,1,1,1,0,1.5054347826086956,68.08,8.184000000000001,125.84691358024692
0,94.0,70.0,27.0,102.5,30.1,0.256,25,0,0,0,1,0,1.0904255319148937,28.294,6.4,23.790123456790123
1,181.0,64.0,30.0,180.0,34.1,0.328,38,1,1,1,1,1,0.994475138121547,61.721000000000004,12.464,80.44444444444444
0,135.0,94.0,46.0,145.0,40.6,0.284,26,0,0,1,1,0,1.0740740740740742,54.81,7.3839999999999995,48.333333333333336
1,95.0,82.0,25.0,180.0,35.0,0.233,43,1,0,0,1,1,1.894736842105263,33.25,10.019,42.22222222222222
2,99.0,70.0,27.0,102.5,22.2,0.108,23,0,0,0,0,0,1.0353535353535352,21.977999999999998,2.484,25.055555555555557
3,89.0,74.0,16.0,85.0,30.4,0.551,38,0,0,0,1,1,0.9550561797752809,27.055999999999997,20.938000000000002,18.679012345679013
1,80.0,74.0,11.0,60.0,30.0,0.527,22,0,0,0,1,0,0.75,24.0,11.594000000000001,11.851851851851851
2,139.0,75.0,27.0,102.5,25.6,0.167,29,0,0,1,0,0,0.737410071942446,35.584,4.843,35.17901234567901
1,90.0,68.0,8.0,102.5,24.5,1.138,36,0,0,0,0,1,1.1388888888888888,22.05,40.967999999999996,22.77777777777778
0,141.0,74.5,32.0,169.5,42.4,0.205,29,1,1,1,1,0,1.202127659574468,59.784,5.944999999999999,59.01111111111111
12,140.0,85.0,33.0,102.5,37.4,0.244,41,0,1,1,1,1,0.7321428571428571,52.36,10.004,35.4320987654321
5,147.0,75.0,27.0,102.5,29.9,0.434,28,0,1,1,0,0,0.6972789115646258,43.953,12.152,37.2037037037037
1,97.0,70.0,15.0,102.5,18.2,0.147,21,0,0,0,0,0,1.056701030927835,17.654,3.0869999999999997,24.549382716049383
6,107.0,88.0,27.0,102.5,36.8,0.727,31,0,0,0,1,0,0.9579439252336449,39.376,22.537,27.080246913580247
0,189.0,104.0,25.0,169.5,34.3,0.435,41,1,1,1,1,1,0.8968253968253969,64.827,17.835,79.1
2,83.0,66.0,23.0,50.0,32.2,0.497,22,0,0,0,1,0,0.6024096385542169,26.726000000000003,10.934,10.246913580246913
4,117.0,64.0,27.0,120.0,33.2,0.23,24,0,0,0,1,0,1.0256410256410255,38.84400000000001,5.5200000000000005,34.666666666666664
8,108.0,70.0,32.0,169.5,30.5,0.955,33,1,0,0,1,0,1.5694444444444444,32.94,31.514999999999997,45.2
4,117.0,62.0,12.0,169.5,29.7,0.38,30,1,0,0,0,0,1.4487179487179487,34.749,11.4,48.96666666666667
0,180.0,78.0,63.0,14.0,59.4,2.42,25,1,1,1,1,0,0.07777777777777778,106.92,60.5,6.222222222222222
1,100.0,72.0,12.0,70.0,25.3,0.658,28,0,0,0,0,0,0.7,25.3,18.424,17.28395061728395
0,95.0,80.0,45.0,92.0,36.5,0.33,26,0,0,0,1,0,0.968421052631579,34.675,8.58,21.580246913580247
0,104.0,64.0,37.0,64.0,33.6,0.51,22,1,0,0,1,0,0.6153846153846154,34.944,11.22,16.43456790123457
0,120.0,74.0,18.0,63.0,30.5,0.285,26,0,0,1,1,0,0.525,36.6,7.409999999999999,18.666666666666668
1,82.0,64.0,13.0,95.0,21.2,0.415,23,0,0,0,0,0,1.1585365853658536,17.384,9.545,19.234567901234566
2,134.0,70.0,32.0,169.5,28.9,0.542,23,1,0,1,0,0,1.2649253731343284,38.726,12.466000000000001,56.08148148148148
0,91.0,68.0,32.0,210.0,39.9,0.381,25,0,0,0,1,0,2.3076923076923075,36.309,9.525,47.18518518518518
2,119.0,70.0,27.0,102.5,19.6,0.832,72,0,0,0,0,1,0.8613445378151261,23.324,59.903999999999996,30.117283950617285
2,100.0,54.0,28.0,105.0,37.8,0.498,24,0,0,0,1,0,1.05,37.8,11.952,25.925925925925927
14,175.0,62.0,30.0,169.5,33.6,0.212,38,1,1,1,1,1,0.9685714285714285,58.8,8.056,73.24074074074075
1,135.0,54.0,27.0,102.5,26.7,0.687,62,0,0,1,0,1,0.7592592592592593,36.045,42.594,34.166666666666664
5,86.0,68.0,28.0,71.0,30.2,0.364,24,0,0,0,1,0,0.8255813953488372,25.971999999999998,8.736,15.076543209876544
10,148.0,84.0,48.0,237.0,37.6,1.001,51,1,1,1,1,1,1.6013513513513513,55.648,51.050999999999995,86.60740740740741
9,134.0,74.0,33.0,60.0,25.9,0.46,81,0,0,1,0,1,0.44776119402985076,34.705999999999996,37.260000000000005,19.85185185185185
9,120.0,72.0,22.0,56.0,20.8,0.733,48,0,0,1,0,1,0.4666666666666667,24.96,35.184,16.59259259259259
1,71.0,62.0,27.0,102.5,21.8,0.416,26,0,0,0,0,0,1.443661971830986,15.478,10.815999999999999,17.969135802469136
8,74.0,70.0,40.0,49.0,35.3,0.705,39,0,0,0,1,1,0.6621621621621622,26.122,27.494999999999997,8.953086419753086
5,88.0,78.0,30.0,102.5,27.6,0.258,37,0,0,0,0,1,1.1647727272727273,24.288,9.546,22.271604938271604
10,115.0,98.0,27.0,102.5,24.0,1.022,34,0,0,0,0,0,0.8913043478260869,27.6,34.748,29.104938271604937
0,124.0,56.0,13.0,105.0,21.8,0.452,21,0,0,1,0,0,0.8467741935483871,27.032000000000004,9.492,32.148148148148145
0,74.0,52.0,10.0,36.0,27.8,0.269,22,0,0,0,0,0,0.4864864864864865,20.572000000000003,5.918,6.5777777777777775
0,97.0,64.0,36.0,100.0,36.8,0.6,25,0,0,0,1,0,1.0309278350515463,35.696,15.0,23.950617283950617
8,120.0,74.5,32.0,169.5,30.0,0.183,38,1,0,1,1,1,1.4125,36.0,6.954,50.22222222222222
6,154.0,78.0,41.0,140.0,46.1,0.571,27,0,1,1,1,0,0.9090909090909091,70.994,15.416999999999998,53.23456790123457
1,144.0,82.0,40.0,102.5,41.3,0.607,28,0,1,1,1,0,0.7118055555555556,59.472,16.996,36.44444444444444
0,137.0,70.0,38.0,102.5,33.2,0.17,22,0,0,1,1,0,0.7481751824817519,45.48400000000001,3.74,34.67283950617284
0,119.0,66.0,27.0,102.5,38.8,0.259,22,0,0,0,1,0,0.8613445378151261,46.172,5.698,30.117283950617285
7,136.0,90.0,27.0,102.5,29.9,0.21,50,0,0,1,0,1,0.7536764705882353,40.663999999999994,10.5,34.41975308641975
4,114.0,64.0,27.0,102.5,28.9,0.126,24,0,0,0,0,0,0.8991228070175439,32.946,3.024,28.85185185185185
0,137.0,84.0,27.0,102.5,27.3,0.231,59,0,0,1,0,1,0.7481751824817519,37.400999999999996,13.629000000000001,34.67283950617284
2,105.0,80.0,45.0,191.0,33.7,0.711,29,1,0,0,1,0,1.819047619047619,35.385000000000005,20.619,49.51851851851852
7,114.0,76.0,17.0,110.0,23.8,0.466,31,0,0,0,0,0,0.9649122807017544,27.132,14.446000000000002,30.962962962962962
8,126.0,74.0,38.0,75.0,25.9,0.162,39,0,0,1,0,1,0.5952380952380952,32.63399999999999,6.3180000000000005,23.333333333333332
4,132.0,86.0,31.0,102.5,28.0,0.419,63,0,0,1,0,1,0.7765151515151515,36.96,26.397,33.407407407407405
3,158.0,70.0,30.0,328.0,35.5,0.344,35,1,1,1,1,1,2.0759493670886076,56.09,12.04,127.96049382716049
0,123.0,88.0,37.0,102.5,35.2,0.197,29,0,0,1,1,0,0.8333333333333334,43.29600000000001,5.713,31.12962962962963
4,85.0,58.0,22.0,49.0,27.8,0.306,28,0,0,0,0,0,0.5764705882352941,23.63,8.568,10.283950617283951
0,84.0,82.0,31.0,125.0,38.2,0.233,23,0,0,0,1,0,1.4880952380952381,32.088,5.359,25.925925925925927
0,145.0,74.5,32.0,169.5,44.2,0.63,31,1,1,1,1,0,1.1689655172413793,64.09,19.53,60.68518518518518
0,135.0,68.0,42.0,250.0,42.3,0.365,24,1,0,1,1,0,1.8518518518518519,57.105,8.76,83.33333333333333
1,139.0,62.0,41.0,480.0,40.7,0.536,21,0,0,1,1,0,3.4532374100719423,56.573,11.256,164.74074074074073
0,173.0,78.0,32.0,265.0,46.5,1.159,58,0,1,1,1,1,1.5317919075144508,80.445,67.22200000000001,113.19753086419753
4,99.0,72.0,17.0,102.5,25.6,0.294,28,0,0,0,0,0,1.0353535353535352,25.344,8.232,25.055555555555557
8,194.0,80.0,27.0,102.5,26.1,0.551,67,0,1,1,0,1,0.5283505154639175,50.63400000000001,36.917,49.098765432098766
2,83.0,65.0,28.0,66.0,36.8,0.629,24,0,0,0,1,0,0.7951807228915663,30.543999999999997,15.096,13.525925925925925
2,89.0,90.0,30.0,102.5,33.5,0.292,42,0,0,0,1,1,1.151685393258427,29.815,12.264,22.52469135802469
4,99.0,68.0,38.0,102.5,32.8,0.145,33,0,0,0,1,0,1.0353535353535352,32.472,4.784999999999999,25.055555555555557
4,125.0,70.0,18.0,122.0,28.9,1.144,45,1,0,1,0,1,0.976,36.125,51.48,37.65432098765432
3,80.0,70.0,27.0,102.5,30.1,0.174,22,0,0,0,1,0,1.28125,24.08,3.828,20.246913580246915
6,166.0,74.0,27.0,102.5,26.6,0.304,66,0,1,1,0,1,0.6174698795180723,44.156000000000006,20.064,42.01234567901235
5,110.0,68.0,27.0,102.5,26.0,0.292,30,0,0,0,0,0,0.9318181818181818,28.6,8.76,27.839506172839506
2,81.0,72.0,15.0,76.0,30.1,0.547,25,0,0,0,1,0,0.9382716049382716,24.381,13.675,15.2
7,195.0,70.0,33.0,145.0,25.1,0.163,55,1,1,1,0,1,0.7435897435897436,48.945,8.965,69.81481481481481
6,154.0,74.0,32.0,193.0,29.3,0.839,39,0,1,1,0,1,1.2532467532467533,45.122,32.721,73.38765432098765
2,117.0,90.0,19.0,71.0,25.2,0.313,21,0,0,0,0,0,0.6068376068376068,29.484,6.573,20.511111111111113
3,84.0,72.0,32.0,102.5,37.2,0.267,28,0,0,0,1,0,1.2202380952380953,31.248,7.476000000000001,21.25925925925926
6,140.0,68.0,41.0,169.5,39.0,0.727,41,1,1,1,1,1,1.2107142857142856,54.6,29.807,58.592592592592595
7,94.0,64.0,25.0,79.0,33.3,0.738,41,0,0,0,1,1,0.8404255319148937,31.302,30.258,18.335802469135803
3,96.0,78.0,39.0,102.5,37.3,0.238,40,0,0,0,1,1,1.0677083333333333,35.808,9.52,24.296296296296298
10,75.0,82.0,27.0,102.5,33.3,0.263,38,0,0,0,1,1,1.3666666666666667,24.975,9.994,18.98148148148148
0,180.0,90.0,26.0,90.0,36.5,0.314,35,1,1,1,1,1,0.5,65.7,10.99,40.0
1,130.0,60.0,23.0,170.0,28.6,0.692,21,0,0,1,0,0,1.3076923076923077,37.18,14.531999999999998,54.5679012345679
2,84.0,50.0,23.0,76.0,30.4,0.968,21,0,0,0,1,0,0.9047619047619048,25.535999999999998,20.328,15.762962962962963
8,120.0,78.0,27.0,102.5,25.0,0.409,64,0,0,1,0,1,0.8541666666666666,30.0,26.176,30.37037037037037
12,84.0,72.0,31.0,169.5,29.7,0.297,46,1,0,0,0,1,2.017857142857143,24.947999999999997,13.661999999999999,35.15555555555556
0,139.0,62.0,17.0,210.0,22.1,0.207,21,0,0,1,0,0,1.5107913669064748,30.719,4.3469999999999995,72.07407407407408
9,91.0,68.0,27.0,102.5,24.2,0.2,58,0,0,0,0,1,1.1263736263736264,22.022,11.600000000000001,23.030864197530864
2,91.0,62.0,27.0,102.5,27.3,0.525,22,0,0,0,0,0,1.1263736263736264,24.843000000000004,11.55,23.030864197530864
3,99.0,54.0,19.0,86.0,25.6,0.154,24,0,0,0,0,0,0.8686868686868687,25.344,3.6959999999999997,21.022222222222222
3,163.0,70.0,18.0,105.0,31.6,0.268,28,1,1,1,1,0,0.6441717791411042,51.508,7.5040000000000004,42.25925925925926
9,145.0,88.0,34.0,165.0,30.3,0.771,53,1,1,1,1,1,1.1379310344827587,43.935,40.863,59.074074074074076
7,125.0,86.0,27.0,102.5,37.6,0.304,51,0,0,1,1,1,0.82,47.0,15.504,31.635802469135804
13,76.0,60.0,27.0,102.5,32.8,0.18,41,0,0,0,1,1,1.3486842105263157,24.927999999999997,7.38,19.234567901234566
6,129.0,90.0,7.0,326.0,19.6,0.582,60,0,0,1,0,1,2.5271317829457365,25.284000000000002,34.919999999999995,103.83703703703704
2,68.0,70.0,32.0,66.0,25.0,0.187,25,0,0,0,0,0,0.9705882352941176,17.0,4.675,11.08148148148148
3,124.0,80.0,33.0,130.0,33.2,0.305,26,0,0,1,1,0,1.0483870967741935,41.168,7.93,39.80246913580247
6,114.0,70.0,27.0,102.5,30.1,0.189,26,0,0,0,1,0,0.8991228070175439,34.314,4.914,28.85185185185185
9,130.0,70.0,32.0,169.5,34.2,0.652,45,1,0,1,1,1,1.3038461538461539,44.46,29.34,54.407407407407405
3,125.0,58.0,27.0,102.5,31.6,0.151,24,0,0,1,1,0,0.82,39.5,3.6239999999999997,31.635802469135804
3,87.0,60.0,18.0,102.5,21.8,0.444,21,0,0,0,0,0,1.1781609195402298,18.966,9.324,22.01851851851852
1,97.0,64.0,19.0,82.0,18.2,0.299,21,0,0,0,0,0,0.845360824742268,17.654,6.279,19.639506172839507
3,116.0,74.0,15.0,105.0,26.3,0.107,24,0,0,0,0,0,0.9051724137931034,30.508000000000003,2.568,30.074074074074073
0,117.0,66.0,31.0,188.0,30.8,0.493,22,0,0,0,1,0,1.606837606837607,36.036,10.846,54.31111111111111
0,111.0,65.0,27.0,102.5,24.6,0.66,31,0,0,0,0,0,0.9234234234234234,27.306000000000004,20.46,28.09259259259259
2,122.0,60.0,18.0,106.0,29.8,0.717,22,0,0,1,0,0,0.8688524590163934,36.356,15.774,31.930864197530862
0,107.0,76.0,27.0,102.5,45.3,0.686,24,0,0,0,1,0,0.9579439252336449,48.471,16.464000000000002,27.080246913580247
1,86.0,66.0,52.0,65.0,41.3,0.917,29,0,0,0,1,0,0.7558139534883721,35.518,26.593,13.802469135802468
6,91.0,70.0,27.0,102.5,29.8,0.501,31,0,0,0,0,0,1.1263736263736264,27.118000000000002,15.531,23.030864197530864
1,77.0,56.0,30.0,56.0,33.3,1.251,24,0,0,0,1,0,0.7272727272727273,25.641,30.023999999999997,10.646913580246913
4,132.0,74.5,32.0,169.5,32.9,0.302,23,1,0,1,1,0,1.2840909090909092,43.428000000000004,6.946,55.24444444444445
0,105.0,90.0,27.0,102.5,29.6,0.197,46,0,0,0,0,1,0.9761904761904762,31.08,9.062000000000001,26.574074074074073
0,57.0,60.0,27.0,102.5,21.7,0.735,67,0,0,0,0,1,1.7982456140350878,12.368999999999998,49.245,14.425925925925926
0,127.0,80.0,37.0,210.0,36.3,0.804,23,0,0,1,1,0,1.6535433070866141,46.10099999999999,18.492,65.85185185185185
3,129.0,92.0,49.0,155.0,36.4,0.968,32,1,0,1,1,0,1.2015503875968991,46.955999999999996,30.976,49.370370370370374
8,100.0,74.0,40.0,215.0,39.4,0.661,43,1,0,0,1,1,2.15,39.4,28.423000000000002,53.08641975308642
3,128.0,72.0,25.0,190.0,32.4,0.549,27,1,0,1,1,0,1.484375,41.472,14.823,60.04938271604938
10,90.0,85.0,32.0,169.5,34.9,0.825,56,1,0,0,1,1,1.8833333333333333,31.41,46.199999999999996,37.666666666666664
4,84.0,90.0,23.0,56.0,39.5,0.159,25,0,0,0,1,0,0.6666666666666666,33.18,3.975,11.614814814814816
1,88.0,78.0,29.0,76.0,32.0,0.365,29,0,0,0,1,0,0.8636363636363636,28.16,10.584999999999999,16.51358024691358
8,186.0,90.0,35.0,225.0,34.5,0.423,37,1,1,1,1,1,1.2096774193548387,64.17,15.651,103.33333333333333
5,187.0,76.0,27.0,207.0,43.6,1.034,53,1,1,1,1,1,1.106951871657754,81.532,54.802,95.57777777777778
4,131.0,68.0,21.0,166.0,33.1,0.16,28,0,0,1,1,0,1.2671755725190839,43.361000000000004,4.48,53.693827160493825
1,164.0,82.0,43.0,67.0,32.8,0.341,50,0,1,1,1,1,0.40853658536585363,53.792,17.05,27.130864197530865
4,189.0,110.0,31.0,102.5,28.5,0.68,37,0,1,1,0,1,0.5423280423280423,53.865,25.16,47.833333333333336
1,116.0,70.0,28.0,102.5,27.4,0.204,21,0,0,0,0,0,0.8836206896551724,31.783999999999995,4.284,29.358024691358025
3,84.0,68.0,30.0,106.0,31.9,0.591,25,0,0,0,1,0,1.2619047619047619,26.796,14.774999999999999,21.985185185185184
6,114.0,88.0,27.0,102.5,27.8,0.247,66,0,0,0,0,1,0.8991228070175439,31.692000000000004,16.302,28.85185185185185
1,88.0,62.0,24.0,44.0,29.9,0.422,23,0,0,0,0,0,0.5,26.311999999999998,9.706,9.560493827160494
1,84.0,64.0,23.0,115.0,36.9,0.471,28,0,0,0,1,0,1.369047619047619,30.996,13.187999999999999,23.85185185185185
7,124.0,70.0,33.0,215.0,25.5,0.161,37,0,0,1,0,1,1.7338709677419355,31.62,5.957,65.82716049382717
1,97.0,70.0,40.0,102.5,38.1,0.218,30,0,0,0,1,0,1.056701030927835,36.957,6.54,24.549382716049383
8,110.0,76.0,27.0,102.5,27.8,0.237,58,0,0,0,0,1,0.9318181818181818,30.58,13.745999999999999,27.839506172839506
11,103.0,68.0,40.0,102.5,46.2,0.126,42,0,0,0,1,1,0.9951456310679612,47.586000000000006,5.292,26.067901234567902
11,85.0,74.0,27.0,102.5,30.1,0.3,35,0,0,0,1,1,1.2058823529411764,25.585,10.5,21.512345679012345
6,125.0,76.0,32.0,169.5,33.8,0.121,54,1,0,1,1,1,1.356,42.25,6.534,52.31481481481482
0,198.0,66.0,32.0,274.0,41.3,0.502,28,1,1,1,1,0,1.3838383838383839,81.774,14.056000000000001,133.95555555555555
1,87.0,68.0,34.0,77.0,37.6,0.401,24,0,0,0,1,0,0.8850574712643678,32.712,9.624,16.54074074074074
6,99.0,60.0,19.0,54.0,26.9,0.497,32,0,0,0,0,0,0.5454545454545454,26.631,15.904,13.2
0,91.0,80.0,27.0,102.5,32.4,0.601,27,0,0,0,1,0,1.1263736263736264,29.484,16.227,23.030864197530864
2,95.0,54.0,14.0,88.0,26.1,0.748,22,0,0,0,0,0,0.9263157894736842,24.795,16.456,20.641975308641975
1,99.0,72.0,30.0,18.0,38.6,0.412,21,0,0,0,1,0,0.18181818181818182,38.214,8.652,4.4
6,92.0,62.0,32.0,126.0,32.0,0.085,46,0,0,0,1,1,1.3695652173913044,29.44,3.91,28.622222222222224
4,154.0,72.0,29.0,126.0,31.3,0.338,37,0,1,1,1,1,0.8181818181818182,48.202,12.506,47.91111111111111
0,121.0,66.0,30.0,165.0,34.3,0.203,33,1,0,1,1,0,1.3636363636363635,41.50299999999999,6.699000000000001,49.2962962962963
3,78.0,70.0,27.0,102.5,32.5,0.27,39,0,0,0,1,1,1.314102564102564,25.35,10.530000000000001,19.74074074074074
2,130.0,96.0,27.0,102.5,22.6,0.268,21,0,0,1,0,0,0.7884615384615384,29.38,5.628,32.901234567901234
3,111.0,58.0,31.0,44.0,29.5,0.43,22,0,0,0,0,0,0.3963963963963964,32.745,9.459999999999999,12.059259259259258
2,98.0,60.0,17.0,120.0,34.7,0.198,22,0,0,0,1,0,1.2244897959183674,34.006,4.356,29.037037037037038
1,143.0,86.0,30.0,330.0,30.1,0.892,23,0,1,1,1,0,2.3076923076923075,43.043,20.516000000000002,116.51851851851852
1,119.0,44.0,47.0,63.0,35.5,0.28,25,0,0,0,1,0,0.5294117647058824,42.245,7.000000000000001,18.511111111111113
6,108.0,44.0,20.0,130.0,24.0,0.813,35,0,0,0,0,1,1.2037037037037037,25.92,28.455,34.666666666666664
2,118.0,80.0,32.0,169.5,42.9,0.693,21,1,0,0,1,0,1.4364406779661016,50.622,14.552999999999999,49.385185185185186
10,133.0,68.0,27.0,102.5,27.0,0.245,36,0,0,1,0,1,0.7706766917293233,35.91,8.82,33.660493827160494
2,197.0,70.0,99.0,169.5,34.7,0.575,62,1,1,1,1,1,0.8604060913705583,68.35900000000001,35.65,82.44814814814815
0,151.0,90.0,46.0,169.5,42.1,0.371,21,1,1,1,1,0,1.1225165562913908,63.571000000000005,7.791,63.196296296296296
6,109.0,60.0,27.0,102.5,25.0,0.206,27,0,0,0,0,0,0.9403669724770642,27.25,5.561999999999999,27.58641975308642
12,121.0,78.0,17.0,102.5,26.5,0.259,62,0,0,1,0,1,0.8471074380165289,32.065,16.058,30.623456790123456
8,100.0,76.0,27.0,102.5,38.7,0.19,42,0,0,0,1,1,1.025,38.7,7.98,25.308641975308642
8,124.0,76.0,24.0,600.0,28.7,0.687,52,1,0,1,0,1,4.838709677419355,35.587999999999994,35.724000000000004,183.7037037037037
1,93.0,56.0,11.0,102.5,22.5,0.417,22,0,0,0,0,0,1.1021505376344085,20.925,9.174,23.537037037037038
8,143.0,66.0,32.0,169.5,34.9,0.129,41,1,1,1,1,1,1.1853146853146854,49.907,5.289,59.84814814814815
6,103.0,66.0,27.0,102.5,24.3,0.249,29,0,0,0,0,0,0.9951456310679612,25.029,7.221,26.067901234567902
3,176.0,86.0,27.0,156.0,33.3,1.154,52,1,1,1,1,1,0.8863636363636364,58.60799999999999,60.007999999999996,67.7925925925926
0,73.0,70.0,27.0,102.5,21.1,0.342,25,0,0,0,0,0,1.404109589041096,15.403000000000002,8.55,18.47530864197531
11,111.0,84.0,40.0,169.5,46.8,0.925,45,1,0,0,1,1,1.527027027027027,51.94799999999999,41.625,46.455555555555556
2,112.0,78.0,50.0,140.0,39.4,0.175,24,0,0,0,1,0,1.25,44.128,4.199999999999999,38.71604938271605
3,132.0,80.0,32.0,169.5,34.4,0.402,44,1,0,1,1,1,1.2840909090909092,45.408,17.688000000000002,55.24444444444445
2,82.0,52.0,22.0,115.0,28.5,1.699,25,0,0,0,0,0,1.4024390243902438,23.37,42.475,23.28395061728395
6,123.0,72.0,45.0,230.0,33.6,0.733,34,0,0,1,1,0,1.8699186991869918,41.328,24.922,69.85185185185185
0,188.0,82.0,14.0,185.0,32.0,0.682,22,1,1,1,1,0,0.9840425531914894,60.16,15.004000000000001,85.87654320987654
0,67.0,76.0,27.0,102.5,45.3,0.194,46,0,0,0,1,1,1.5298507462686568,30.351,8.924,16.95679012345679
1,89.0,24.0,19.0,25.0,27.8,0.559,21,0,0,0,0,0,0.2808988764044944,24.742000000000004,11.739,5.493827160493828
1,173.0,74.0,32.0,169.5,36.8,0.088,38,1,1,1,1,1,0.9797687861271677,63.663999999999994,3.344,72.4037037037037
1,109.0,38.0,18.0,120.0,23.1,0.407,26,0,0,0,0,0,1.1009174311926606,25.179000000000002,10.581999999999999,32.2962962962963
1,108.0,88.0,19.0,102.5,27.1,0.4,24,0,0,0,0,0,0.9490740740740741,29.268,9.600000000000001,27.333333333333332
6,96.0,70.0,27.0,102.5,23.7,0.19,28,0,0,0,0,0,1.0677083333333333,22.752,5.32,24.296296296296298
1,124.0,74.0,36.0,102.5,27.8,0.1,30,0,0,1,0,0,0.8266129032258065,34.472,3.0,31.382716049382715
7,150.0,78.0,29.0,126.0,35.2,0.692,54,1,1,1,1,1,0.84,52.8,37.367999999999995,46.666666666666664
4,183.0,74.5,32.0,169.5,28.4,0.212,36,1,1,1,0,1,0.9262295081967213,51.972,7.632,76.58888888888889
1,124.0,60.0,32.0,102.5,35.8,0.514,21,0,0,1,1,0,0.8266129032258065,44.391999999999996,10.794,31.382716049382715
1,181.0,78.0,42.0,293.0,40.0,1.258,22,1,1,1,1,0,1.6187845303867403,72.4,27.676000000000002,130.9456790123457
1,92.0,62.0,25.0,41.0,19.5,0.482,25,0,0,0,0,0,0.44565217391304346,17.94,12.049999999999999,9.313580246913581
0,152.0,82.0,39.0,272.0,41.5,0.27,27,0,1,1,1,0,1.7894736842105263,63.08,7.290000000000001,102.08395061728395
1,111.0,62.0,13.0,182.0,24.0,0.138,23,0,0,0,0,0,1.6396396396396395,26.64,3.1740000000000004,49.88148148148148
3,106.0,54.0,21.0,158.0,30.9,0.292,24,0,0,0,1,0,1.490566037735849,32.754,7.007999999999999,41.35308641975308
3,174.0,58.0,22.0,194.0,32.9,0.593,36,1,1,1,1,1,1.1149425287356323,57.245999999999995,21.348,83.34814814814816
7,168.0,88.0,42.0,321.0,38.2,0.787,40,1,1,1,1,1,1.9107142857142858,64.176,31.48,133.15555555555557
6,105.0,80.0,28.0,102.5,32.5,0.878,26,0,0,0,1,0,0.9761904761904762,34.125,22.828,26.574074074074073
11,138.0,74.0,26.0,144.0,36.1,0.557,50,1,0,1,1,1,1.0434782608695652,49.818000000000005,27.85,49.06666666666667
3,106.0,72.0,27.0,102.5,25.8,0.207,27,0,0,0,0,0,0.9669811320754716,27.348000000000003,5.5889999999999995,26.82716049382716
6,117.0,96.0,27.0,102.5,28.7,0.157,30,0,0,0,0,0,0.8760683760683761,33.579,4.71,29.61111111111111
2,68.0,62.0,13.0,15.0,20.1,0.257,23,0,0,0,0,0,0.22058823529411764,13.668000000000001,5.9110000000000005,2.5185185185185186
9,112.0,82.0,24.0,169.5,28.2,1.282,50,1,0,0,0,1,1.5133928571428572,31.584,64.1,46.87407407407407
0,119.0,74.5,32.0,169.5,32.4,0.141,24,1,0,0,1,0,1.4243697478991597,38.556,3.3839999999999995,49.803703703703704
2,112.0,86.0,42.0,160.0,38.4,0.246,28,0,0,0,1,0,1.4285714285714286,43.008,6.888,44.24691358024691
2,92.0,76.0,20.0,102.5,24.2,1.698,28,0,0,0,0,0,1.1141304347826086,22.264,47.544,23.28395061728395
6,183.0,94.0,27.0,102.5,40.8,1.461,45,0,1,1,1,1,0.5601092896174863,74.664,65.745,46.31481481481482
0,94.0,70.0,27.0,115.0,43.5,0.347,21,0,0,0,1,0,1.2234042553191489,40.89,7.286999999999999,26.691358024691358
2,108.0,64.0,27.0,102.5,30.8,0.158,21,0,0,0,1,0,0.9490740740740741,33.264,3.318,27.333333333333332
4,90.0,88.0,47.0,54.0,37.7,0.362,29,0,0,0,1,0,0.6,33.93000000000001,10.498,12.0
0,125.0,68.0,27.0,102.5,24.7,0.206,21,0,0,1,0,0,0.82,30.875,4.326,31.635802469135804
0,132.0,78.0,27.0,102.5,32.4,0.393,21,0,0,1,1,0,0.7765151515151515,42.768,8.253,33.407407407407405
5,128.0,80.0,27.0,102.5,34.6,0.144,45,0,0,1,1,1,0.80078125,44.288000000000004,6.4799999999999995,32.39506172839506
4,94.0,65.0,22.0,102.5,24.7,0.148,21,0,0,0,0,0,1.0904255319148937,23.217999999999996,3.1079999999999997,23.790123456790123
7,114.0,64.0,32.0,169.5,27.4,0.732,34,1,0,0,0,0,1.486842105263158,31.236,24.887999999999998,47.71111111111111
0,102.0,78.0,40.0,90.0,34.5,0.238,24,0,0,0,1,0,0.8823529411764706,35.19,5.712,22.666666666666668
2,111.0,60.0,27.0,102.5,26.2,0.343,23,0,0,0,0,0,0.9234234234234234,29.081999999999997,7.889,28.09259259259259
1,128.0,82.0,17.0,183.0,27.5,0.115,22,0,0,1,0,0,1.4296875,35.2,2.5300000000000002,57.837037037037035
10,92.0,62.0,27.0,102.5,25.9,0.167,31,0,0,0,0,0,1.1141304347826086,23.827999999999996,5.1770000000000005,23.28395061728395
13,104.0,72.0,32.0,169.5,31.2,0.465,38,1,0,0,1,1,1.6298076923076923,32.448,17.67,43.525925925925925
5,104.0,74.0,27.0,102.5,28.8,0.153,48,0,0,0,0,1,0.9855769230769231,29.952,7.343999999999999,26.320987654320987
2,94.0,76.0,18.0,66.0,31.6,0.649,23,0,0,0,1,0,0.7021276595744681,29.704,14.927,15.318518518518518
7,97.0,76.0,32.0,91.0,40.9,0.871,32,1,0,0,1,0,0.9381443298969072,39.672999999999995,27.872,21.795061728395062
1,100.0,74.0,12.0,46.0,19.5,0.149,28,0,0,0,0,0,0.46,19.5,4.172,11.358024691358025
0,102.0,86.0,17.0,105.0,29.3,0.695,27,0,0,0,0,0,1.0294117647058822,29.886,18.764999999999997,26.444444444444443
4,128.0,70.0,27.0,102.5,34.3,0.303,24,0,0,1,1,0,0.80078125,43.903999999999996,7.272,32.39506172839506
6,147.0,80.0,32.0,169.5,29.5,0.178,50,1,1,1,0,1,1.153061224489796,43.365,8.9,61.522222222222226
4,90.0,70.0,27.0,102.5,28.0,0.61,31,0,0,0,0,0,1.1388888888888888,25.2,18.91,22.77777777777778
3,103.0,72.0,30.0,152.0,27.6,0.73,27,0,0,0,0,0,1.4757281553398058,28.428,19.71,38.65679012345679
2,157.0,74.0,35.0,440.0,39.4,0.134,30,0,1,1,1,0,2.8025477707006368,61.858000000000004,4.0200000000000005,170.5679012345679
1,167.0,74.0,17.0,144.0,23.4,0.447,33,1,1,1,0,0,0.8622754491017964,39.077999999999996,14.751,59.37777777777778
0,179.0,50.0,36.0,159.0,37.8,0.455,22,1,1,1,1,0,0.888268156424581,67.66199999999999,10.01,70.27407407407408
11,136.0,84.0,35.0,130.0,28.3,0.26,42,1,0,1,0,1,0.9558823529411765,38.488,10.92,43.65432098765432
0,107.0,60.0,25.0,102.5,26.4,0.133,23,0,0,0,0,0,0.9579439252336449,28.247999999999998,3.059,27.080246913580247
1,91.0,54.0,25.0,100.0,25.2,0.234,23,0,0,0,0,0,1.098901098901099,22.932,5.382000000000001,22.469135802469136
1,117.0,60.0,23.0,106.0,33.8,0.466,27,0,0,0,1,0,0.905982905982906,39.54599999999999,12.582,30.622222222222224
5,123.0,74.0,40.0,77.0,34.1,0.269,28,0,0,1,1,0,0.6260162601626016,41.943000000000005,7.532,23.385185185185186
2,120.0,54.0,27.0,102.5,26.8,0.455,27,0,0,1,0,0,0.8541666666666666,32.16,12.285,30.37037037037037
1,106.0,70.0,28.0,135.0,34.2,0.142,22,0,0,0,1,0,1.2735849056603774,36.252,3.1239999999999997,35.333333333333336
2,155.0,52.0,27.0,540.0,38.7,0.24,25,1,1,1,1,0,3.4838709677419355,59.985,6.0,206.66666666666666
2,101.0,58.0,35.0,90.0,21.8,0.155,22,0,0,0,0,0,0.8910891089108911,22.018,3.41,22.444444444444443
1,120.0,80.0,48.0,200.0,38.9,1.162,41,0,0,1,1,1,1.6666666666666667,46.68,47.641999999999996,59.25925925925926
11,127.0,106.0,27.0,102.5,39.0,0.19,51,0,0,1,1,1,0.8070866141732284,49.53,9.69,32.141975308641975
3,80.0,82.0,31.0,70.0,34.2,1.292,27,1,0,0,1,0,0.875,27.36,34.884,13.82716049382716
10,162.0,84.0,27.0,102.5,27.7,0.182,54,0,1,1,0,1,0.6327160493827161,44.873999999999995,9.828,41.0
1,199.0,76.0,43.0,169.5,42.9,1.394,22,1,1,1,1,0,0.8517587939698492,85.37100000000001,30.668,83.28518518518518
8,167.0,106.0,46.0,231.0,37.6,0.165,43,1,1,1,1,1,1.3832335329341316,62.792,7.095000000000001,95.25185185185185
9,145.0,80.0,46.0,130.0,37.9,0.637,40,1,1,1,1,1,0.896551724137931,54.955,25.48,46.54320987654321
6,115.0,60.0,39.0,169.5,33.7,0.245,40,1,0,0,1,1,1.4739130434782608,38.755,9.8,48.129629629629626
1,112.0,80.0,45.0,132.0,34.8,0.217,24,0,0,0,1,0,1.1785714285714286,38.97599999999999,5.208,36.50370370370371
4,145.0,82.0,18.0,169.5,32.5,0.235,70,1,1,1,1,1,1.1689655172413793,47.125,16.45,60.68518518518518
10,111.0,70.0,27.0,169.5,27.5,0.141,40,1,0,0,0,1,1.527027027027027,30.525,5.64,46.455555555555556
6,98.0,58.0,33.0,190.0,34.0,0.43,43,0,0,0,1,1,1.9387755102040816,33.32,18.49,45.97530864197531
9,154.0,78.0,30.0,100.0,30.9,0.164,45,0,1,1,1,1,0.6493506493506493,47.58599999999999,7.38,38.02469135802469
6,165.0,68.0,26.0,168.0,33.6,0.631,49,0,1,1,1,1,1.018181818181818,55.44,30.919,68.44444444444444
1,99.0,58.0,10.0,102.5,25.4,0.551,21,0,0,0,0,0,1.0353535353535352,25.146,11.571000000000002,25.055555555555557
10,68.0,106.0,23.0,49.0,35.5,0.285,47,0,0,0,1,1,0.7205882352941176,24.14,13.395,8.22716049382716
3,123.0,100.0,35.0,240.0,57.3,0.88,22,0,0,1,1,0,1.951219512195122,70.479,19.36,72.88888888888889
8,91.0,82.0,27.0,102.5,35.6,0.587,68,0,0,0,1,1,1.1263736263736264,32.396,39.916,23.030864197530864
6,195.0,70.0,32.0,169.5,30.9,0.328,31,1,1,1,1,0,0.8692307692307693,60.255,10.168000000000001,81.61111111111111
9,156.0,86.0,32.0,169.5,24.8,0.23,53,1,1,1,0,1,1.0865384615384615,38.688,12.190000000000001,65.28888888888889
0,93.0,60.0,27.0,102.5,35.3,0.263,25,0,0,0,1,0,1.1021505376344085,32.82899999999999,6.575,23.537037037037038
3,121.0,52.0,32.0,169.5,36.0,0.127,25,1,0,1,1,0,1.4008264462809918,43.56,3.175,50.64074074074074
2,101.0,58.0,17.0,265.0,24.2,0.614,23,0,0,0,0,0,2.623762376237624,24.441999999999997,14.122,66.08641975308642
2,56.0,56.0,28.0,45.0,24.2,0.332,22,0,0,0,0,0,0.8035714285714286,13.552,7.304,6.222222222222222
0,162.0,76.0,36.0,169.5,49.6,0.364,26,1,1,1,1,0,1.0462962962962963,80.352,9.464,67.8
0,95.0,64.0,39.0,105.0,44.6,0.366,22,0,0,0,1,0,1.105263157894737,42.37,8.052,24.62962962962963
4,125.0,80.0,32.0,169.5,32.3,0.536,27,1,0,1,1,0,1.356,40.37499999999999,14.472000000000001,52.31481481481482
5,136.0,82.0,27.0,102.5,30.1,0.64,69,0,0,1,1,1,0.7536764705882353,40.93600000000001,44.160000000000004,34.41975308641975
2,129.0,74.0,26.0,205.0,33.2,0.591,25,0,0,1,1,0,1.5891472868217054,42.828,14.774999999999999,65.29629629629629
3,130.0,64.0,27.0,102.5,23.1,0.314,22,0,0,1,0,0,0.7884615384615384,30.03,6.908,32.901234567901234
1,107.0,50.0,19.0,102.5,28.3,0.181,29,0,0,0,0,0,0.9579439252336449,30.281,5.249,27.080246913580247
1,140.0,74.0,26.0,180.0,24.1,0.828,23,0,1,1,0,0,1.2857142857142858,33.74,19.044,62.22222222222222
1,144.0,82.0,46.0,180.0,46.1,0.335,46,1,1,1,1,1,1.25,66.384,15.41,64.0
8,107.0,80.0,27.0,102.5,24.6,0.856,34,0,0,0,0,0,0.9579439252336449,26.322000000000003,29.104,27.080246913580247
13,158.0,114.0,32.0,169.5,42.3,0.257,44,1,1,1,1,1,1.0727848101265822,66.834,11.308,66.12592592592593
2,121.0,70.0,32.0,95.0,39.1,0.886,23,0,0,1,1,0,0.7851239669421488,47.31100000000001,20.378,28.382716049382715
7,129.0,68.0,49.0,125.0,38.5,0.439,43,1,0,1,1,1,0.9689922480620154,49.665,18.877,39.81481481481482
2,90.0,60.0,27.0,102.5,23.5,0.191,25,0,0,0,0,0,1.1388888888888888,21.15,4.775,22.77777777777778
7,142.0,90.0,24.0,480.0,30.4,0.128,43,1,1,1,1,1,3.380281690140845,43.168,5.5040000000000004,168.2962962962963
3,169.0,74.0,19.0,125.0,29.9,0.268,31,1,1,1,0,0,0.7396449704142012,50.53099999999999,8.308,52.160493827160494
0,99.0,70.0,27.0,102.5,25.0,0.253,22,0,0,0,0,0,1.0353535353535352,24.75,5.566,25.055555555555557
4,127.0,88.0,11.0,155.0,34.5,0.598,28,0,0,1,1,0,1.220472440944882,43.815,16.744,48.60493827160494
4,118.0,70.0,27.0,102.5,44.5,0.904,26,0,0,0,1,0,0.8686440677966102,52.51,23.504,29.864197530864196
2,122.0,76.0,27.0,200.0,35.9,0.483,26,0,0,1,1,0,1.639344262295082,43.798,12.558,60.24691358024691
6,125.0,78.0,31.0,169.5,27.6,0.565,49,1,0,1,0,1,1.356,34.5,27.685,52.31481481481482
1,168.0,88.0,29.0,169.5,35.0,0.905,52,1,1,1,1,1,1.0089285714285714,58.8,47.06,70.31111111111112
2,129.0,70.0,27.0,102.5,38.5,0.304,41,0,0,1,1,1,0.7945736434108527,49.665,12.464,32.648148148148145
4,110.0,76.0,20.0,100.0,28.4,0.118,27,0,0,0,0,0,0.9090909090909091,31.24,3.186,27.160493827160494
6,80.0,80.0,36.0,102.5,39.8,0.177,28,0,0,0,1,0,1.28125,31.84,4.9559999999999995,20.246913580246915
10,115.0,74.5,32.0,169.5,34.3,0.261,30,1,0,0,1,0,1.4739130434782608,39.44499999999999,7.83,48.129629629629626
2,127.0,46.0,21.0,335.0,34.4,0.176,22,0,0,1,1,0,2.6377952755905514,43.688,3.872,105.04938271604938
9,164.0,78.0,32.0,169.5,32.8,0.148,45,1,1,1,1,1,1.0335365853658536,53.792,6.659999999999999,68.63703703703703
2,93.0,64.0,32.0,160.0,38.0,0.674,23,1,0,0,1,0,1.7204301075268817,35.34,15.502,36.74074074074074
3,158.0,64.0,13.0,387.0,31.2,0.295,24,0,1,1,1,0,2.449367088607595,49.29599999999999,7.08,150.9777777777778
5,126.0,78.0,27.0,22.0,29.6,0.439,40,0,0,1,0,1,0.1746031746031746,37.29600000000001,17.56,6.844444444444444
10,129.0,62.0,36.0,169.5,41.2,0.441,38,1,0,1,1,1,1.313953488372093,53.148,16.758,53.98888888888889
0,134.0,58.0,20.0,291.0,26.4,0.352,21,0,0,1,0,0,2.171641791044776,35.376,7.3919999999999995,96.28148148148148
3,102.0,74.0,27.0,102.5,29.5,0.121,32,0,0,0,0,0,1.0049019607843137,30.09,3.872,25.814814814814813
7,187.0,50.0,33.0,392.0,33.9,0.826,34,1,1,1,1,0,2.0962566844919786,63.393,28.084,180.99753086419753
3,173.0,78.0,39.0,185.0,33.8,0.97,31,1,1,1,1,0,1.069364161849711,58.474,30.07,79.0246913580247
10,94.0,72.0,18.0,102.5,23.1,0.595,56,0,0,0,0,1,1.0904255319148937,21.714000000000002,33.32,23.790123456790123
1,108.0,60.0,46.0,178.0,35.5,0.415,24,0,0,0,1,0,1.6481481481481481,38.34,9.959999999999999,47.46666666666667
5,97.0,76.0,27.0,169.5,35.6,0.378,52,1,0,0,1,1,1.7474226804123711,34.532000000000004,19.656,40.596296296296295
4,83.0,86.0,19.0,102.5,29.3,0.317,34,0,0,0,0,0,1.2349397590361446,24.319000000000003,10.778,21.006172839506174
1,114.0,66.0,36.0,200.0,38.1,0.289,21,0,0,0,1,0,1.7543859649122806,43.434000000000005,6.069,56.2962962962963
1,149.0,68.0,29.0,127.0,29.3,0.349,42,1,1,1,0,1,0.8523489932885906,43.657,14.658,46.72345679012346
5,117.0,86.0,30.0,105.0,39.1,0.251,42,0,0,0,1,1,0.8974358974358975,45.747,10.542,30.333333333333332
1,111.0,94.0,27.0,102.5,32.8,0.265,45,0,0,0,1,1,0.9234234234234234,36.407999999999994,11.925,28.09259259259259
4,112.0,78.0,40.0,102.5,39.4,0.236,38,0,0,0,1,1,0.9151785714285714,44.128,8.968,28.34567901234568
1,116.0,78.0,29.0,180.0,36.1,0.496,25,0,0,0,1,0,1.5517241379310345,41.876000000000005,12.4,51.55555555555556
0,141.0,84.0,26.0,102.5,32.4,0.433,22,0,1,1,1,0,0.7269503546099291,45.684,9.526,35.68518518518518
2,175.0,88.0,27.0,102.5,22.9,0.326,22,0,1,1,0,0,0.5857142857142857,40.074999999999996,7.172000000000001,44.29012345679013
2,92.0,52.0,27.0,102.5,30.1,0.141,22,0,0,0,1,0,1.1141304347826086,27.692000000000004,3.102,23.28395061728395
3,130.0,78.0,23.0,79.0,28.4,0.323,34,1,0,1,0,0,0.6076923076923076,36.92,10.982000000000001,25.358024691358025
8,120.0,86.0,32.0,169.5,28.4,0.259,22,1,0,1,0,0,1.4125,34.08,5.698,50.22222222222222
2,174.0,88.0,37.0,120.0,44.5,0.646,24,1,1,1,1,0,0.6896551724137931,77.43,15.504000000000001,51.55555555555556
2,106.0,56.0,27.0,165.0,29.0,0.426,22,0,0,0,0,0,1.5566037735849056,30.74,9.372,43.18518518518518
2,105.0,75.0,27.0,102.5,23.3,0.56,53,0,0,0,0,1,0.9761904761904762,24.465,29.680000000000003,26.574074074074073
4,95.0,60.0,32.0,102.5,35.4,0.284,28,0,0,0,1,0,1.0789473684210527,33.63,7.951999999999999,24.04320987654321
0,126.0,86.0,27.0,120.0,27.4,0.515,21,0,0,1,0,0,0.9523809523809523,34.523999999999994,10.815,37.333333333333336
8,65.0,72.0,23.0,102.5,32.0,0.6,42,0,0,0,1,1,1.5769230769230769,20.8,25.2,16.450617283950617
2,99.0,60.0,17.0,160.0,36.6,0.453,21,0,0,0,1,0,1.6161616161616161,36.234,9.513,39.111111111111114
1,102.0,74.0,32.0,169.5,39.5,0.293,42,1,0,0,1,1,1.661764705882353,40.29,12.306,42.68888888888889
11,120.0,80.0,37.0,150.0,42.3,0.785,48,1,0,1,1,1,1.25,50.76,37.68,44.44444444444444
3,102.0,44.0,20.0,94.0,30.8,0.4,26,0,0,0,1,0,0.9215686274509803,31.416,10.4,23.674074074074074
1,109.0,58.0,18.0,116.0,28.5,0.219,22,0,0,0,0,0,1.0642201834862386,31.065,4.818,31.219753086419754
9,140.0,94.0,32.0,169.5,32.7,0.734,45,1,1,1,1,1,1.2107142857142856,45.78,33.03,58.592592592592595
13,153.0,88.0,37.0,140.0,40.6,1.174,39,0,1,1,1,1,0.9150326797385621,62.118,45.785999999999994,52.888888888888886
12,100.0,84.0,33.0,105.0,30.0,0.488,46,0,0,0,1,1,1.05,30.0,22.448,25.925925925925927
1,147.0,94.0,41.0,169.5,49.3,0.358,27,1,1,1,1,0,1.153061224489796,72.47099999999999,9.666,61.522222222222226
1,81.0,74.0,41.0,57.0,46.3,1.096,32,0,0,0,1,0,0.7037037037037037,37.503,35.072,11.4
3,187.0,70.0,22.0,200.0,36.4,0.408,36,1,1,1,1,1,1.0695187165775402,68.068,14.687999999999999,92.34567901234568
6,162.0,62.0,32.0,169.5,24.3,0.178,50,1,1,1,0,1,1.0462962962962963,39.366,8.9,67.8
4,136.0,70.0,32.0,169.5,31.2,1.182,22,1,0,1,1,0,1.2463235294117647,42.431999999999995,26.003999999999998,56.91851851851852
1,121.0,78.0,39.0,74.0,39.0,0.261,28,0,0,1,1,0,0.6115702479338843,47.19,7.308,22.108641975308643
3,108.0,62.0,24.0,102.5,26.0,0.223,25,0,0,0,0,0,0.9490740740740741,28.08,5.575,27.333333333333332
0,181.0,88.0,44.0,510.0,43.3,0.222,26,1,1,1,1,0,2.81767955801105,78.37299999999999,5.772,227.92592592592592
8,154.0,78.0,32.0,169.5,32.4,0.443,45,1,1,1,1,1,1.1006493506493507,49.895999999999994,19.935,64.45185185185186
1,128.0,88.0,39.0,110.0,36.5,1.057,37,1,0,1,1,1,0.859375,46.72,39.108999999999995,34.76543209876543
7,137.0,90.0,41.0,102.5,32.0,0.391,39,0,0,1,1,1,0.7481751824817519,43.84,15.249,34.67283950617284
0,123.0,72.0,32.0,169.5,36.3,0.258,52,1,0,1,1,1,1.3780487804878048,44.648999999999994,13.416,51.477777777777774
1,106.0,76.0,27.0,102.5,37.5,0.197,26,0,0,0,1,0,0.9669811320754716,39.75,5.122,26.82716049382716
6,190.0,92.0,32.0,169.5,35.5,0.278,66,1,1,1,1,1,0.8921052631578947,67.45,18.348000000000003,79.51851851851852
2,88.0,58.0,26.0,16.0,28.4,0.766,22,0,0,0,0,0,0.18181818181818182,24.991999999999997,16.852,3.476543209876543
9,170.0,74.0,31.0,169.5,44.0,0.403,43,1,1,1,1,1,0.9970588235294118,74.8,17.329,71.14814814814815
9,89.0,62.0,27.0,102.5,22.5,0.142,33,0,0,0,0,0,1.151685393258427,20.025,4.686,22.52469135802469
10,101.0,76.0,48.0,180.0,32.9,0.171,63,0,0,0,1,1,1.7821782178217822,33.229,10.773000000000001,44.888888888888886
2,122.0,70.0,27.0,102.5,36.8,0.34,27,0,0,1,1,0,0.8401639344262295,44.895999999999994,9.180000000000001,30.876543209876544
5,121.0,72.0,23.0,112.0,26.2,0.245,30,0,0,1,0,0,0.9256198347107438,31.701999999999998,7.35,33.461728395061726
1,126.0,60.0,32.0,169.5,30.1,0.349,47,1,0,1,1,1,1.3452380952380953,37.926,16.403,52.733333333333334
1,93.0,70.0,31.0,102.5,30.4,0.315,23,0,0,0,1,0,1.1021505376344085,28.272,7.245,23.537037037037038
